"","sample.name","start.day","end.day","new.cells","did.it.migrate","asymp","midp","sca","sample","start.sum","model.start.sum","model.end.sum","pop.growth","perc.clust","tsqrt","tsqrtnorm","cells","asymptote","midpoint","scale","Subsample"
"1","26B.1.4",9,10,3.88755936812357,"No",909.0273,13.3691,3.2372,"26B.1.4",187.193210926105,187.193210926105,237.261810541791,50.0685996156857,0.0207676301340767,1.9716894705109,0.0405014265280797,5.9154090768221,909.0273,13.3691,3.2372,2
"2","26B.1.4",9,10,18.0565441570967,"No",909.0273,13.3691,3.2372,"26B.1.4",187.193210926105,187.193210926105,237.261810541791,50.0685996156857,0.0964593965121125,4.24929925482975,0.0872869101039099,22.4268775107797,909.0273,13.3691,3.2372,2
"3","26B.1.4",9,10,21.9444674126256,"No",909.0273,13.3691,3.2372,"26B.1.4",187.193210926105,187.193210926105,237.261810541791,50.0685996156857,0.117228970559665,4.68449222569806,0.0962264192907153,26.7623894725435,909.0273,13.3691,3.2372,2
"4","26B.1.4",9,10,21.9444674126256,"No",909.0273,13.3691,3.2372,"26B.1.4",187.193210926105,187.193210926105,237.261810541791,50.0685996156857,0.117228970559665,4.68449222569806,0.0962264192907153,26.7623894725435,909.0273,13.3691,3.2372,2
"5","26B.1.4",9,10,17.1636852987221,"No",909.0273,13.3691,3.2372,"26B.1.4",187.193210926105,187.193210926105,237.261810541791,50.0685996156857,0.0916896783478835,4.14290783130908,0.0851014724437779,21.4245968492149,909.0273,13.3691,3.2372,2
"6","26B.1.4",9,10,24.1118390103645,"No",909.0273,13.3691,3.2372,"26B.1.4",187.193210926105,187.193210926105,237.261810541791,50.0685996156857,0.128807230193208,4.9103807398576,0.100866504454531,29.1620836365322,909.0273,13.3691,3.2372,2
"7","26B.1.4",9,10,19.6469298892661,"No",909.0273,13.3691,3.2372,"26B.1.4",187.193210926105,187.193210926105,237.261810541791,50.0685996156857,0.104955354908794,4.43248574608719,0.091049832373144,24.2056674914323,909.0273,13.3691,3.2372,2
"8","26B.1.4",9,10,3.59793431562843,"No",909.0273,13.3691,3.2372,"26B.1.4",187.193210926105,187.193210926105,237.261810541791,50.0685996156857,0.0192204316482862,1.8968221623622,0.0389635409605547,5.54878424759181,909.0273,13.3691,3.2372,2
"9","26B.1.4",9,10,4.21620906955783,"No",909.0273,13.3691,3.2372,"26B.1.4",187.193210926105,187.193210926105,237.261810541791,50.0685996156857,0.0225233011854377,2.05334095307083,0.0421786691016543,6.32803596513105,909.0273,13.3691,3.2372,2
"10","26B.1.4",9,10,2.40393650940168,"No",909.0273,13.3691,3.2372,"26B.1.4",187.193210926105,187.193210926105,237.261810541791,50.0685996156857,0.0128420069163226,1.5504633208824,0.0318488165679199,3.99856215437427,909.0273,13.3691,3.2372,2
"11","26B.1.4",9,10,1.13747988638002,"Yes",909.0273,13.3691,3.2372,"26B.1.4",187.193210926105,187.193210926105,237.261810541791,50.0685996156857,0.00607650181730707,1.06652702093291,0.021908047095942,2.23438512478833,909.0273,13.3691,3.2372,2
"12","26B.1.4",9,10,1.33186994011514,"Yes",909.0273,13.3691,3.2372,"26B.1.4",187.193210926105,187.193210926105,237.261810541791,50.0685996156857,0.00711494788473337,1.1540666965627,0.0237062418897161,2.51880827368393,909.0273,13.3691,3.2372,2
"13","26B.1.4",9,10,17.0940654759384,"Yes",909.0273,13.3691,3.2372,"26B.1.4",187.193210926105,187.193210926105,237.261810541791,50.0685996156857,0.0913177640971515,4.13449700398227,0.0849287015738656,21.3463266309203,909.0273,13.3691,3.2372,2
"14","26B.1.4",9,10,19.6469298892661,"No",909.0273,13.3691,3.2372,"26B.1.4",187.193210926105,187.193210926105,237.261810541791,50.0685996156857,0.104955354908794,4.43248574608719,0.091049832373144,24.2056674914323,909.0273,13.3691,3.2372,2
"15","26B.1.4",9,10,11.0092932909935,"No",909.0273,13.3691,3.2372,"26B.1.4",187.193210926105,187.193210926105,237.261810541791,50.0685996156857,0.0588124603265631,3.31802551090155,0.06815716595233,14.4218271440006,909.0273,13.3691,3.2372,2
"16","26B.10.4",9,10,26.6466815529144,"No",1028.765,14.221,7.089,"26B.10.4",333.084755255949,333.084755255949,365.612832477482,32.5280772215327,0.0799997031759635,5.16204238193705,0.0609636115378271,28.6297106167203,1028.765,14.221,7.089,2
"17","26B.10.4",9,10,23.6984596099795,"No",1028.765,14.221,7.089,"26B.10.4",333.084755255949,333.084755255949,365.612832477482,32.5280772215327,0.0711484366547162,4.86810636798124,0.0574922334192586,25.5685714182796,1028.765,14.221,7.089,2
"18","26B.10.4",9,10,1.08242224310292,"Yes",1028.765,14.221,7.089,"26B.10.4",333.084755255949,333.084755255949,365.612832477482,32.5280772215327,0.00324969013448594,1.04039523408314,0.0122870457473173,1.48209621599616,1028.765,14.221,7.089,2
"19","26B.10.4",9,10,22.6160373668766,"Yes",1028.765,14.221,7.089,"26B.10.4",333.084755255949,333.084755255949,365.612832477482,32.5280772215327,0.0678987465202303,4.75563217321069,0.0561639155538309,24.4429415490753,1028.765,14.221,7.089,2
"20","26B.10.4",9,10,3.06985932129466,"No",1028.765,14.221,7.089,"26B.10.4",333.084755255949,333.084755255949,365.612832477482,32.5280772215327,0.00921645098688387,1.75210140154463,0.0206922805578685,3.74293942117063,1028.765,14.221,7.089,2
"21","26B.10.4",9,10,25.1096611825164,"No",1028.765,14.221,7.089,"26B.10.4",333.084755255949,333.084755255949,365.612832477482,32.5280772215327,0.0753852008724377,5.01095411897938,0.0591792623424181,27.034648797904,1028.765,14.221,7.089,2
"22","26B.10.4",9,10,1.42351547302213,"Yes",1028.765,14.221,7.089,"26B.10.4",333.084755255949,333.084755255949,365.612832477482,32.5280772215327,0.0042737334884278,1.19311167667663,0.0140906237098475,1.8818563691556,1028.765,14.221,7.089,2
"23","26B.10.4",9,10,19.0465527142899,"Yes",1028.765,14.221,7.089,"26B.10.4",333.084755255949,333.084755255949,365.612832477482,32.5280772215327,0.0571823009421556,4.36423563918012,0.051541530750989,20.7230996066741,1028.765,14.221,7.089,2
"24","26B.10.4",9,10,26.6466815529144,"No",1028.765,14.221,7.089,"26B.10.4",333.084755255949,333.084755255949,365.612832477482,32.5280772215327,0.0799997031759635,5.16204238193705,0.0609636115378271,28.6297106167203,1028.765,14.221,7.089,2
"25","26B.10.4",9,10,2.55059718289547,"No",1028.765,14.221,7.089,"26B.10.4",333.084755255949,333.084755255949,365.612832477482,32.5280772215327,0.00765750201006812,1.59705891653861,0.0188612320835591,3.16411679660273,1028.765,14.221,7.089,2
"26","26B.10.4",9,10,22.5239714080003,"No",1028.765,14.221,7.089,"26B.10.4",333.084755255949,333.084755255949,365.612832477482,32.5280772215327,0.0676223425196764,4.74594262586479,0.0560494822042637,24.3471532933676,1028.765,14.221,7.089,2
"27","26B.10.4",9,10,2.36213998058967,"No",1028.765,14.221,7.089,"26B.10.4",333.084755255949,333.084755255949,365.612832477482,32.5280772215327,0.0070917084715407,1.53692549610893,0.0181510576579589,2.95255898574025,1028.765,14.221,7.089,2
"28","26B.10.4",9,10,1.46450489269234,"No",1028.765,14.221,7.089,"26B.10.4",333.084755255949,333.084755255949,365.612832477482,32.5280772215327,0.00439679351751474,1.21016729946414,0.0142920502548506,1.92939780703615,1028.765,14.221,7.089,2
"29","26B.10.4",9,10,1.02630150598474,"Yes",1028.765,14.221,7.089,"26B.10.4",333.084755255949,333.084755255949,365.612832477482,32.5280772215327,0.00308120227596759,1.01306540064536,0.011964280991467,1.41547656197529,1028.765,14.221,7.089,2
"30","26B.10.4",9,10,23.0872835792869,"Yes",1028.765,14.221,7.089,"26B.10.4",333.084755255949,333.084755255949,365.612832477482,32.5280772215327,0.0693135402175527,4.80492284842191,0.0567460373873379,24.9331230654382,1028.765,14.221,7.089,2
"31","26B.10.4",9,10,3.63350788212902,"No",1028.765,14.221,7.089,"26B.10.4",333.084755255949,333.084755255949,365.612832477482,32.5280772215327,0.0109086586065368,1.90617624634477,0.0225119012217775,4.36577674347452,1028.765,14.221,7.089,2
"32","26B.10.4",9,10,25.175189543335,"No",1028.765,14.221,7.089,"26B.10.4",333.084755255949,333.084755255949,365.612832477482,32.5280772215327,0.0755819326645253,5.01748837002489,0.0592564317092994,27.1026873298476,1028.765,14.221,7.089,2
"33","26B.10.4",9,10,2.50156139664754,"No",1028.765,14.221,7.089,"26B.10.4",333.084755255949,333.084755255949,365.612832477482,32.5280772215327,0.00751028486646077,1.58163250998693,0.0186790465479013,3.10915486518228,1028.765,14.221,7.089,2
"34","26B.10.4",9,10,1.7840193284017,"No",1028.765,14.221,7.089,"26B.10.4",333.084755255949,333.084755255949,365.612832477482,32.5280772215327,0.00535605217666244,1.3356718640451,0.0157742565126122,2.29712556235621,1028.765,14.221,7.089,2
"35","26B.10.4",9,10,20.759890789997,"No",1028.765,14.221,7.089,"26B.10.4",333.084755255949,333.084755255949,365.612832477482,32.5280772215327,0.0623261511144355,4.55630231547436,0.0538098341426729,22.5102212302678,1028.765,14.221,7.089,2
"36","26B.10.4",9,10,3.57139203617202,"No",1028.765,14.221,7.089,"26B.10.4",333.084755255949,333.084755255949,365.612832477482,32.5280772215327,0.0107221719992189,1.88981269870112,0.0223186480696107,4.29737474406052,1028.765,14.221,7.089,2
"37","26B.10.4",9,10,1.42390323128471,"No",1028.765,14.221,7.089,"26B.10.4",333.084755255949,333.084755255949,365.612832477482,32.5280772215327,0.00427489763135678,1.19327416434142,0.0140925426857378,1.88230654801413,1028.765,14.221,7.089,2
"38","26B.10.4",9,10,14.2124912002464,"No",1028.765,14.221,7.089,"26B.10.4",333.084755255949,333.084755255949,365.612832477482,32.5280772215327,0.0426692935536039,3.76994578213618,0.0445229800873073,15.6607381346591,1028.765,14.221,7.089,2
"39","26B.10.4",9,10,1.45725686195539,"Yes",1028.765,14.221,7.089,"26B.10.4",333.084755255949,333.084755255949,365.612832477482,32.5280772215327,0.00437503319788865,1.20716894507579,0.0142566397528323,1.9209979407551,1028.765,14.221,7.089,2
"40","26B.10.4",9,10,15.3384092412522,"Yes",1028.765,14.221,7.089,"26B.10.4",333.084755255949,333.084755255949,365.612832477482,32.5280772215327,0.0460495684633357,3.9164281228247,0.0462529334379684,16.8429282318449,1028.765,14.221,7.089,2
"41","26B.10.4",9,10,1.61548078784251,"No",1028.765,14.221,7.089,"26B.10.4",333.084755255949,333.084755255949,365.612832477482,32.5280772215327,0.00485005921871491,1.271015652084,0.0150106680145215,2.10374895616566,1028.765,14.221,7.089,2
"42","26B.10.4",9,10,15.5585237803453,"No",1028.765,14.221,7.089,"26B.10.4",333.084755255949,333.084755255949,365.612832477482,32.5280772215327,0.0467104048889595,3.94442946195585,0.046583628661879,17.0737996507182,1028.765,14.221,7.089,2
"43","26B.10.4",9,10,23.6984596099795,"No",1028.765,14.221,7.089,"26B.10.4",333.084755255949,333.084755255949,365.612832477482,32.5280772215327,0.0711484366547162,4.86810636798124,0.0574922334192586,25.5685714182796,1028.765,14.221,7.089,2
"44","26B.11.4",9,10,15.7051136598165,"No",1439.063,16.83,9.348,"26B.11.4",434.651558482576,434.651558482576,467.774382807914,33.1228243253382,0.0361326523586964,3.96296778435259,0.0322596575872209,16.7736446308736,1439.063,16.83,9.348,2
"45","26B.11.4",9,10,1.69986980344193,"No",1439.063,16.83,9.348,"26B.11.4",434.651558482576,434.651558482576,467.774382807914,33.1228243253382,0.00391087934753161,1.30379055198369,0.0106132169276058,2.05140952326173,1439.063,16.83,9.348,2
"46","26B.11.4",9,10,16.9837206727381,"No",1439.063,16.83,9.348,"26B.11.4",434.651558482576,434.651558482576,467.774382807914,33.1228243253382,0.0390743351571784,4.1211309943677,0.033547150010987,18.0948970291678,1439.063,16.83,9.348,2
"47","26B.11.4",9,10,15.7051136598165,"No",1439.063,16.83,9.348,"26B.11.4",434.651558482576,434.651558482576,467.774382807914,33.1228243253382,0.0361326523586964,3.96296778435259,0.0322596575872209,16.7736446308736,1439.063,16.83,9.348,2
"48","26B.11.4",9,10,2.53342161758031,"No",1439.063,16.83,9.348,"26B.11.4",434.651558482576,434.651558482576,467.774382807914,33.1228243253382,0.00582862655876538,1.59167258491824,0.0129566565701511,2.96258267699716,1439.063,16.83,9.348,2
"49","26B.11.4",9,10,1.29075062603923,"Yes",1439.063,16.83,9.348,"26B.11.4",434.651558482576,434.651558482576,467.774382807914,33.1228243253382,0.00296962152981897,1.13611206579247,0.00924826751503924,1.5970793662536,1439.063,16.83,9.348,2
"50","26B.11.4",9,10,15.8440826358274,"Yes",1439.063,16.83,9.348,"26B.11.4",434.651558482576,434.651558482576,467.774382807914,33.1228243253382,0.0364523773735934,3.98046261580578,0.0324020703705027,16.9173307204868,1439.063,16.83,9.348,2
"51","26B.11.4",9,10,18.4038112835725,"No",1439.063,16.83,9.348,"26B.11.4",434.651558482576,434.651558482576,467.774382807914,33.1228243253382,0.0423415283447334,4.28996634993476,0.034921516661333,19.5605105451203,1439.063,16.83,9.348,2
"52","26B.11.4",9,10,12.6728711765863,"No",1439.063,16.83,9.348,"26B.11.4",434.651558482576,434.651558482576,467.774382807914,33.1228243253382,0.0291563918943003,3.55989763568931,0.0289785547150632,13.6327227536156,1439.063,16.83,9.348,2
"53","26B.11.4",9,10,8.98160808920011,"No",1439.063,16.83,9.348,"26B.11.4",434.651558482576,434.651558482576,467.774382807914,33.1228243253382,0.0206639270328538,2.99693311390163,0.0243958672709887,9.78966811508134,1439.063,16.83,9.348,2
"54","26B.11.4",9,10,1.42355343730189,"Yes",1439.063,16.83,9.348,"26B.11.4",434.651558482576,434.651558482576,467.774382807914,33.1228243253382,0.00327516008977788,1.19312758634686,0.00971238967558374,1.74525521430548,1439.063,16.83,9.348,2
"55","26B.11.4",9,10,16.9802578462707,"Yes",1439.063,16.83,9.348,"26B.11.4",434.651558482576,434.651558482576,467.774382807914,33.1228243253382,0.0390663682549556,4.12071084235119,0.0335437298569699,18.0913209175397,1439.063,16.83,9.348,2
"56","26B.11.4",9,10,2.15475236432447,"No",1439.063,16.83,9.348,"26B.11.4",434.651558482576,434.651558482576,467.774382807914,33.1228243253382,0.00495742468253649,1.46790747812131,0.0119491742529142,2.55054276393661,1439.063,16.83,9.348,2
"57","26B.11.4",9,10,1.39229429512826,"No",1439.063,16.83,9.348,"26B.11.4",434.651558482576,434.651558482576,467.774382807914,33.1228243253382,0.00320324238566851,1.17995520895001,0.00960516286790948,1.71044441741829,1439.063,16.83,9.348,2
"58","26B.11.4",9,10,9.95781790715075,"No",1439.063,16.83,9.348,"26B.11.4",434.651558482576,434.651558482576,467.774382807914,33.1228243253382,0.0229098865811382,3.15560103738586,0.0256874682024641,10.8086594037837,1439.063,16.83,9.348,2
"59","26B.11.4",9,10,2.22083861041013,"No",1439.063,16.83,9.348,"26B.11.4",434.651558482576,434.651558482576,467.774382807914,33.1228243253382,0.00510946887700889,1.49024783523082,0.0121310309597929,2.62265261777659,1439.063,16.83,9.348,2
"60","26B.11.4",9,10,19.5909585086352,"No",1439.063,16.83,9.348,"26B.11.4",434.651558482576,434.651558482576,467.774382807914,33.1228243253382,0.0450727902070103,4.42616747408355,0.0360302316111197,20.7843815406916,1439.063,16.83,9.348,2
"61","26B.11.4",9,10,10.481811557402,"No",1439.063,16.83,9.348,"26B.11.4",434.651558482576,434.651558482576,467.774382807914,33.1228243253382,0.0241154353477883,3.23756259513264,0.0263546580289033,11.3547522654477,1439.063,16.83,9.348,2
"62","26B.11.4",9,10,2.71294186568813,"No",1439.063,16.83,9.348,"26B.11.4",434.651558482576,434.651558482576,467.774382807914,33.1228243253382,0.00624164762035907,1.64710104902162,0.0134078596507365,3.15704804547827,1439.063,16.83,9.348,2
"63","26B.11.4",9,10,20.9884278487923,"No",1439.063,16.83,9.348,"26B.11.4",434.651558482576,434.651558482576,467.774382807914,33.1228243253382,0.0482879387849559,4.58131289575295,0.0372931584002401,22.2236825830205,1439.063,16.83,9.348,2
"64","26B.11.4",9,10,1.34431673476742,"No",1439.063,16.83,9.348,"26B.11.4",434.651558482576,434.651558482576,467.774382807914,33.1228243253382,0.00309286072609657,1.15944673649436,0.0094382182105069,1.65693717849825,1439.063,16.83,9.348,2
"65","26B.11.4",9,10,19.8009228485929,"No",1439.063,16.83,9.348,"26B.11.4",434.651558482576,434.651558482576,467.774382807914,33.1228243253382,0.0455558537917602,4.4498227884482,0.0362227924349888,21.0007240389902,1439.063,16.83,9.348,2
"66","26B.11.4",9,10,8.98160808920011,"No",1439.063,16.83,9.348,"26B.11.4",434.651558482576,434.651558482576,467.774382807914,33.1228243253382,0.0206639270328538,2.99693311390163,0.0243958672709887,9.78966811508134,1439.063,16.83,9.348,2
"67","26B.11.4",9,10,2.38380160093902,"No",1439.063,16.83,9.348,"26B.11.4",434.651558482576,434.651558482576,467.774382807914,33.1228243253382,0.00548439676429824,1.54395647637458,0.0125682342041933,2.80009701456422,1439.063,16.83,9.348,2
"68","26B.11.4",9,10,16.9622736287771,"No",1439.063,16.83,9.348,"26B.11.4",434.651558482576,434.651558482576,467.774382807914,33.1228243253382,0.0390249920833014,4.11852809007989,0.0335259616477132,18.0727481667724,1439.063,16.83,9.348,2
"69","26B.11.4",9,10,2.43541290001818,"No",1439.063,16.83,9.348,"26B.11.4",434.651558482576,434.651558482576,467.774382807914,33.1228243253382,0.00560313854279164,1.5605809495243,0.0127035620293387,2.856190753422,1439.063,16.83,9.348,2
"70","26B.11.4",9,10,19.419350822959,"No",1439.063,16.83,9.348,"26B.11.4",434.651558482576,434.651558482576,467.774382807914,33.1228243253382,0.0446779735260917,4.40673925062046,0.0358720804803126,20.6075354428928,1439.063,16.83,9.348,2
"71","26B.11.4",9,10,23.2323330819461,"No",1439.063,16.83,9.348,"26B.11.4",434.651558482576,434.651558482576,467.774382807914,33.1228243253382,0.0534504768901626,4.81999305828816,0.0392360811629862,24.5319429055224,1439.063,16.83,9.348,2
"72","26B.11.4",9,10,12.6728711765863,"No",1439.063,16.83,9.348,"26B.11.4",434.651558482576,434.651558482576,467.774382807914,33.1228243253382,0.0291563918943003,3.55989763568931,0.0289785547150632,13.6327227536156,1439.063,16.83,9.348,2
"73","26B.11.4",9,10,18.4038112835725,"No",1439.063,16.83,9.348,"26B.11.4",434.651558482576,434.651558482576,467.774382807914,33.1228243253382,0.0423415283447334,4.28996634993476,0.034921516661333,19.5605105451203,1439.063,16.83,9.348,2
"74","26B.11.4",9,10,2.8580814524611,"No",1439.063,16.83,9.348,"26B.11.4",434.651558482576,434.651558482576,467.774382807914,33.1228243253382,0.00657556931910937,1.69058612689833,0.0137618402528487,3.31391246954957,1439.063,16.83,9.348,2
"75","26B.11.4",9,10,19.3917491920631,"No",1439.063,16.83,9.348,"26B.11.4",434.651558482576,434.651558482576,467.774382807914,33.1228243253382,0.0446144706342757,4.40360638477862,0.0358465780829115,20.5790891005679,1439.063,16.83,9.348,2
"76","26B.11.4",9,10,2.61708246300392,"No",1439.063,16.83,9.348,"26B.11.4",434.651558482576,434.651558482576,467.774382807914,33.1228243253382,0.00602110451907843,1.61773992440192,0.0131688519478863,3.05327203264015,1439.063,16.83,9.348,2
"77","26B.11.4",9,10,2.63713000624638,"No",1439.063,16.83,9.348,"26B.11.4",434.651558482576,434.651558482576,467.774382807914,33.1228243253382,0.00606722777079861,1.62392426124077,0.0132191941660626,3.0749870523314,1439.063,16.83,9.348,2
"78","26B.11.4",9,10,1.12478865991347,"Yes",1439.063,16.83,9.348,"26B.11.4",434.651558482576,434.651558482576,467.774382807914,33.1228243253382,0.00258779391897327,1.06056054042825,0.00863325713113829,1.41074651922363,1439.063,16.83,9.348,2
"79","26B.11.4",9,10,1.03979607879417,"Yes",1439.063,16.83,9.348,"26B.11.4",434.651558482576,434.651558482576,467.774382807914,33.1228243253382,0.00239225204304853,1.01970391722018,0.00830067287949064,1.31473780836364,1439.063,16.83,9.348,2
"80","26B.11.4",9,10,24.91381624268,"Yes",1439.063,16.83,9.348,"26B.11.4",434.651558482576,434.651558482576,467.774382807914,33.1228243253382,0.0573190542089792,4.99137418379749,0.040631171087177,26.2596353847334,1439.063,16.83,9.348,2
"81","26B.11.4",9,10,12.6728711765863,"No",1439.063,16.83,9.348,"26B.11.4",434.651558482576,434.651558482576,467.774382807914,33.1228243253382,0.0291563918943003,3.55989763568931,0.0289785547150632,13.6327227536156,1439.063,16.83,9.348,2
"82","26B.11.4",9,10,12.6728711765863,"No",1439.063,16.83,9.348,"26B.11.4",434.651558482576,434.651558482576,467.774382807914,33.1228243253382,0.0291563918943003,3.55989763568931,0.0289785547150632,13.6327227536156,1439.063,16.83,9.348,2
"83","26B.11.4",9,10,12.6728711765863,"No",1439.063,16.83,9.348,"26B.11.4",434.651558482576,434.651558482576,467.774382807914,33.1228243253382,0.0291563918943003,3.55989763568931,0.0289785547150632,13.6327227536156,1439.063,16.83,9.348,2
"84","26B.11.4",9,10,1.78383260287706,"No",1439.063,16.83,9.348,"26B.11.4",434.651558482576,434.651558482576,467.774382807914,33.1228243253382,0.00410405201146557,1.33560196274079,0.0108721706396301,2.14394960100863,1439.063,16.83,9.348,2
"85","26B.11.4",9,10,16.905948621696,"No",1439.063,16.83,9.348,"26B.11.4",434.651558482576,434.651558482576,467.774382807914,33.1228243253382,0.0388954055076137,4.11168440200559,0.0334702521274939,18.0145779030398,1439.063,16.83,9.348,2
"86","26B.12.4",9,10,1.12305080766091,"Yes",1504.436,14.75,4.604,"26B.12.4",335.32101602188,335.32101602188,395.294196838709,59.973180816829,0.00334918109513193,1.0597409153472,0.0147646021525422,2.00853096224387,1504.436,14.75,4.604,2
"87","26B.12.4",9,10,35.3642011448981,"Yes",1504.436,14.75,4.604,"26B.12.4",335.32101602188,335.32101602188,395.294196838709,59.973180816829,0.105463718213804,5.94678073792015,0.0828521862393379,40.3331102912995,1504.436,14.75,4.604,2
"88","26B.12.4",9,10,32.9425777862709,"No",1504.436,14.75,4.604,"26B.12.4",335.32101602188,335.32101602188,395.294196838709,59.973180816829,0.0982419121148116,5.7395625082641,0.0799651648218216,37.7383430751775,1504.436,14.75,4.604,2
"89","26B.12.4",9,10,7.40267043746138,"No",1504.436,14.75,4.604,"26B.12.4",335.32101602188,335.32101602188,395.294196838709,59.973180816829,0.0220763688637349,2.72078489364032,0.0379067241016029,9.67605725618046,1504.436,14.75,4.604,2
"90","26B.12.4",9,10,5.40124583336645,"No",1504.436,14.75,4.604,"26B.12.4",335.32101602188,335.32101602188,395.294196838709,59.973180816829,0.0161076865907325,2.3240580529252,0.0323794165478742,7.34314243673554,1504.436,14.75,4.604,2
"91","26B.12.4",9,10,1.9671253649195,"No",1504.436,14.75,4.604,"26B.12.4",335.32101602188,335.32101602188,395.294196838709,59.973180816829,0.00586639450236886,1.40254246456908,0.0195406077009153,3.13903776383721,1504.436,14.75,4.604,2
"92","26B.12.4",9,10,27.7978688471505,"No",1504.436,14.75,4.604,"26B.12.4",335.32101602188,335.32101602188,395.294196838709,59.973180816829,0.0828992741848805,5.27236842862394,0.0734560882975373,32.2032641127157,1504.436,14.75,4.604,2
"93","26B.12.4",9,10,18.7177807349391,"No",1504.436,14.75,4.604,"26B.12.4",335.32101602188,335.32101602188,395.294196838709,59.973180816829,0.0558204819876776,4.32640505904603,0.0602766662327393,22.3327641379508,1504.436,14.75,4.604,2
"94","26B.12.4",9,10,36.487251952559,"No",1504.436,14.75,4.604,"26B.12.4",335.32101602188,335.32101602188,395.294196838709,59.973180816829,0.108812899308936,6.04046785874728,0.0841574609964012,41.5344425779814,1504.436,14.75,4.604,2
"95","26B.12.4",9,10,36.487251952559,"No",1504.436,14.75,4.604,"26B.12.4",335.32101602188,335.32101602188,395.294196838709,59.973180816829,0.108812899308936,6.04046785874728,0.0841574609964012,41.5344425779814,1504.436,14.75,4.604,2
"96","26B.12.4",9,10,32.9425777862709,"No",1504.436,14.75,4.604,"26B.12.4",335.32101602188,335.32101602188,395.294196838709,59.973180816829,0.0982419121148116,5.7395625082641,0.0799651648218216,37.7383430751775,1504.436,14.75,4.604,2
"97","26B.12.4",9,10,1.13094031004701,"Yes",1504.436,14.75,4.604,"26B.12.4",335.32101602188,335.32101602188,395.294196838709,59.973180816829,0.00337270930245903,1.06345677394383,0.0148163725173925,2.01952529808209,1504.436,14.75,4.604,2
"98","26B.12.4",9,10,4.2668120013472,"Yes",1504.436,14.75,4.604,"26B.12.4",335.32101602188,335.32101602188,395.294196838709,59.973180816829,0.0127245588480168,2.06562629760255,0.0287788741929799,5.99277262702756,1504.436,14.75,4.604,2
"99","26B.12.4",9,10,2.98718089791324,"No",1504.436,14.75,4.604,"26B.12.4",335.32101602188,335.32101602188,395.294196838709,59.973180816829,0.00890842134904638,1.72834628992955,0.0240797962814069,4.43132287433046,1504.436,14.75,4.604,2
"100","26B.12.4",9,10,6.83795104886759,"No",1504.436,14.75,4.604,"26B.12.4",335.32101602188,335.32101602188,395.294196838709,59.973180816829,0.020392253160838,2.61494761876172,0.0364321700536638,9.02290417104543,1504.436,14.75,4.604,2
"101","26B.12.4",9,10,33.3039391571745,"No",1504.436,14.75,4.604,"26B.12.4",335.32101602188,335.32101602188,395.294196838709,59.973180816829,0.0993195701011516,5.77095652012511,0.0804025548370482,38.1259361165518,1504.436,14.75,4.604,2
"102","26B.12.4",9,10,4.7591950559049,"No",1504.436,14.75,4.604,"26B.12.4",335.32101602188,335.32101602188,395.294196838709,59.973180816829,0.0141929519132626,2.18155794236708,0.030394065780895,6.58202385874111,1504.436,14.75,4.604,2
"103","26B.12.4",9,10,4.44623504202419,"No",1504.436,14.75,4.604,"26B.12.4",335.32101602188,335.32101602188,395.294196838709,59.973180816829,0.0132596372716885,2.1086097415179,0.0293777313658658,6.20811103721749,1504.436,14.75,4.604,2
"104","26B.12.4",9,10,1.90610854316109,"No",1504.436,14.75,4.604,"26B.12.4",335.32101602188,335.32101602188,395.294196838709,59.973180816829,0.00568442910550143,1.38061889859624,0.0192351625447773,3.05970242450012,1504.436,14.75,4.604,2
"105","26B.12.4",9,10,39.0490513173846,"No",1504.436,14.75,4.604,"26B.12.4",335.32101602188,335.32101602188,395.294196838709,59.973180816829,0.11645274066221,6.24892401277089,0.0870617295169756,44.2704201639321,1504.436,14.75,4.604,2
"106","26B.2.4",9,10,13.7354371052164,"No",1094.558,19.053,3.419,"26B.2.4",54.9417484208658,54.9417484208658,72.3739612187238,17.432212797858,0.25,3.70613506300249,0.235913074530407,17.8479240222274,1094.558,19.053,3.419,2
"107","26B.2.4",9,10,13.7354371052164,"No",1094.558,19.053,3.419,"26B.2.4",54.9417484208658,54.9417484208658,72.3739612187238,17.432212797858,0.25,3.70613506300249,0.235913074530407,17.8479240222274,1094.558,19.053,3.419,2
"108","26B.2.4",9,10,13.7354371052164,"No",1094.558,19.053,3.419,"26B.2.4",54.9417484208658,54.9417484208658,72.3739612187238,17.432212797858,0.25,3.70613506300249,0.235913074530407,17.8479240222274,1094.558,19.053,3.419,2
"109","26B.2.4",9,10,1.06441636360949,"Yes",1094.558,19.053,3.419,"26B.2.4",54.9417484208658,54.9417484208658,72.3739612187238,17.432212797858,0.0193735436931462,1.03170556052078,0.0656729521873905,2.20924124120364,1094.558,19.053,3.419,2
"110","26B.2.4",9,10,12.671020741607,"Yes",1094.558,19.053,3.419,"26B.2.4",54.9417484208658,54.9417484208658,72.3739612187238,17.432212797858,0.230626456306854,3.55963772617481,0.226587824221387,16.6209479108378,1094.558,19.053,3.419,2
"111","26B.3.4",9,10,9.52636558014436,"No",1539.66,19.03,11.45,"26B.3.4",452.67695781339,452.67695781339,481.08125746568,28.4042996522903,0.0210445117996739,3.08648109991692,0.0249398525892353,10.2347646263729,1539.66,19.03,11.45,2
"112","26B.3.4",9,10,2.41811478649911,"No",1539.66,19.03,11.45,"26B.3.4",452.67695781339,452.67695781339,481.08125746568,28.4042996522903,0.00534181107467801,1.55502886998895,0.0125651800656007,2.77501992626742,1539.66,19.03,11.45,2
"113","26B.3.4",9,10,1.52801037789275,"No",1539.66,19.03,11.45,"26B.3.4",452.67695781339,452.67695781339,481.08125746568,28.4042996522903,0.00337549846865114,1.23612716898091,0.0099883421857864,1.81172224236744,1539.66,19.03,11.45,2
"114","26B.3.4",9,10,24.5216271979732,"No",1539.66,19.03,11.45,"26B.3.4",452.67695781339,452.67695781339,481.08125746568,28.4042996522903,0.0541702571220378,4.95193166329799,0.0400133490912816,25.6581783556536,1539.66,19.03,11.45,2
"115","26B.3.4",9,10,1.51691336831293,"No",1539.66,19.03,11.45,"26B.3.4",452.67695781339,452.67695781339,481.08125746568,28.4042996522903,0.00335098427726523,1.23163037000267,0.00995200646882912,1.79959314219508,1539.66,19.03,11.45,2
"116","26B.3.4",9,10,1.18070627719397,"Yes",1539.66,19.03,11.45,"26B.3.4",452.67695781339,452.67695781339,481.08125746568,28.4042996522903,0.00260827562970567,1.08660309091865,0.0087801350577679,1.43009986436239,1539.66,19.03,11.45,2
"117","26B.3.4",9,10,17.1466591579913,"Yes",1539.66,19.03,11.45,"26B.3.4",452.67695781339,452.67695781339,481.08125746568,28.4042996522903,0.0378783564350536,4.14085246754715,0.0334595439891651,18.0970540716885,1539.66,19.03,11.45,2
"118","26B.3.4",9,10,19.6121297564668,"No",1539.66,19.03,11.45,"26B.3.4",452.67695781339,452.67695781339,481.08125746568,28.4042996522903,0.0433247803272364,4.42855842870643,0.0357843093216177,20.6285580012882,1539.66,19.03,11.45,2
"119","26B.3.4",9,10,2.45782047129375,"No",1539.66,19.03,11.45,"26B.3.4",452.67695781339,452.67695781339,481.08125746568,28.4042996522903,0.00542952414270434,1.56774375179548,0.0126679207815419,2.81764388914414,1539.66,19.03,11.45,2
"120","26B.3.4",9,10,1.82821848219764,"No",1539.66,19.03,11.45,"26B.3.4",452.67695781339,452.67695781339,481.08125746568,28.4042996522903,0.00403868244372026,1.35211629758599,0.0109255751302688,2.1385517920714,1539.66,19.03,11.45,2
"121","26B.3.4",9,10,1.29795908016851,"Yes",1539.66,19.03,11.45,"26B.3.4",452.67695781339,452.67695781339,481.08125746568,28.4042996522903,0.00286729655169146,1.13928007099594,0.00920578357964254,1.55944291549881,1539.66,19.03,11.45,2
"122","26B.3.4",9,10,15.6420504710879,"Yes",1539.66,19.03,11.45,"26B.3.4",452.67695781339,452.67695781339,481.08125746568,28.4042996522903,0.0345545541938897,3.95500322011094,0.0319578167195557,16.5497898734231,1539.66,19.03,11.45,2
"123","26B.3.4",9,10,1.30915623884733,"No",1539.66,19.03,11.45,"26B.3.4",452.67695781339,452.67695781339,481.08125746568,28.4042996522903,0.00289203198053437,1.14418365608294,0.00924540627139721,1.57176552898726,1539.66,19.03,11.45,2
"124","26B.3.4",9,10,12.392816951163,"No",1539.66,19.03,11.45,"26B.3.4",452.67695781339,452.67695781339,481.08125746568,28.4042996522903,0.0273767346388145,3.52034330018579,0.0284456117267327,13.2007946304418,1539.66,19.03,11.45,2
"125","26B.3.4",9,10,1.10268041556235,"Yes",1539.66,19.03,11.45,"26B.3.4",452.67695781339,452.67695781339,481.08125746568,28.4042996522903,0.00243591019275366,1.05008590865812,0.00848506338453577,1.34369269850538,1539.66,19.03,11.45,2
"126","26B.3.4",9,10,21.1547666867721,"Yes",1539.66,19.03,11.45,"26B.3.4",452.67695781339,452.67695781339,481.08125746568,28.4042996522903,0.0467325900327643,4.59943112642989,0.0371650208033315,22.2104130742535,1539.66,19.03,11.45,2
"127","26B.3.4",9,10,19.6121297564668,"No",1539.66,19.03,11.45,"26B.3.4",452.67695781339,452.67695781339,481.08125746568,28.4042996522903,0.0433247803272364,4.42855842870643,0.0357843093216177,20.6285580012882,1539.66,19.03,11.45,2
"128","26B.3.4",9,10,1.36689346478514,"No",1539.66,19.03,11.45,"26B.3.4",452.67695781339,452.67695781339,481.08125746568,28.4042996522903,0.00301957818084618,1.16914219185912,0.00944708001665931,1.63523115641749,1539.66,19.03,11.45,2
"129","26B.3.4",9,10,12.3391962398377,"No",1539.66,19.03,11.45,"26B.3.4",452.67695781339,452.67695781339,481.08125746568,28.4042996522903,0.0272582821521134,3.51271920879505,0.0283840063874299,13.1454240625988,1539.66,19.03,11.45,2
"130","26B.3.4",9,10,9.52636558014436,"No",1539.66,19.03,11.45,"26B.3.4",452.67695781339,452.67695781339,481.08125746568,28.4042996522903,0.0210445117996739,3.08648109991692,0.0249398525892353,10.2347646263729,1539.66,19.03,11.45,2
"131","26B.3.4",9,10,19.6121297564668,"No",1539.66,19.03,11.45,"26B.3.4",452.67695781339,452.67695781339,481.08125746568,28.4042996522903,0.0433247803272364,4.42855842870643,0.0357843093216177,20.6285580012882,1539.66,19.03,11.45,2
"132","26B.3.4",9,10,13.4918953316818,"No",1539.66,19.03,11.45,"26B.3.4",452.67695781339,452.67695781339,481.08125746568,28.4042996522903,0.0298046876449224,3.67313154293197,0.0296801944531783,14.3349404686681,1539.66,19.03,11.45,2
"133","26B.3.4",9,10,1.66484527998475,"No",1539.66,19.03,11.45,"26B.3.4",452.67695781339,452.67695781339,481.08125746568,28.4042996522903,0.00367777783085452,1.29028883587542,0.0104259874992059,1.96098815308323,1539.66,19.03,11.45,2
"134","26B.3.4",9,10,8.08480484209894,"No",1539.66,19.03,11.45,"26B.3.4",452.67695781339,452.67695781339,481.08125746568,28.4042996522903,0.0178599875751392,2.84337912387689,0.0229755031406826,8.73740791796902,1539.66,19.03,11.45,2
"135","26B.3.4",9,10,1.4569848019515,"No",1539.66,19.03,11.45,"26B.3.4",452.67695781339,452.67695781339,481.08125746568,28.4042996522903,0.00321859722878168,1.2070562546756,0.00975343897596986,1.73402440526527,1539.66,19.03,11.45,2
"136","26B.3.4",9,10,23.5143545695329,"No",1539.66,19.03,11.45,"26B.3.4",452.67695781339,452.67695781339,481.08125746568,28.4042996522903,0.0519451104450216,4.84916019219132,0.0391829194671221,24.6273179553286,1539.66,19.03,11.45,2
"137","26B.3.4",9,10,13.4918953316818,"No",1539.66,19.03,11.45,"26B.3.4",452.67695781339,452.67695781339,481.08125746568,28.4042996522903,0.0298046876449224,3.67313154293197,0.0296801944531783,14.3349404686681,1539.66,19.03,11.45,2
"138","26B.3.4",9,10,2.85149904760066,"No",1539.66,19.03,11.45,"26B.3.4",452.67695781339,452.67695781339,481.08125746568,28.4042996522903,0.00629919194777339,1.68863822282947,0.0136447906177196,3.23906976899913,1539.66,19.03,11.45,2
"139","26B.3.4",9,10,7.7641823249618,"No",1539.66,19.03,11.45,"26B.3.4",452.67695781339,452.67695781339,481.08125746568,28.4042996522903,0.0171517065115616,2.78642823789916,0.0225153199562953,8.40371421976761,1539.66,19.03,11.45,2
"140","26B.3.4",9,10,2.07072230953543,"No",1539.66,19.03,11.45,"26B.3.4",452.67695781339,452.67695781339,481.08125746568,28.4042996522903,0.00457439300541792,1.43900045501571,0.0116276296734493,2.40099698702595,1539.66,19.03,11.45,2
"141","26B.3.4",9,10,20.7249689787731,"No",1539.66,19.03,11.45,"26B.3.4",452.67695781339,452.67695781339,481.08125746568,28.4042996522903,0.0457831321454553,4.55246844895965,0.0367855458558468,21.7698366461357,1539.66,19.03,11.45,2
"142","26B.3.4",9,10,24.7395959349113,"No",1539.66,19.03,11.45,"26B.3.4",452.67695781339,452.67695781339,481.08125746568,28.4042996522903,0.0546517676853123,4.97389142773657,0.0401907917096755,25.8811872258957,1539.66,19.03,11.45,2
"143","26B.3.4",9,10,16.7352703590959,"No",1539.66,19.03,11.45,"26B.3.4",452.67695781339,452.67695781339,481.08125746568,28.4042996522903,0.0369695653163658,4.09087647810293,0.0330557204213573,17.6741949471664,1539.66,19.03,11.45,2
"144","26B.3.4",9,10,1.43574717855314,"Yes",1539.66,19.03,11.45,"26B.3.4",452.67695781339,452.67695781339,481.08125746568,28.4042996522903,0.00317168160157382,1.19822668078838,0.0096820929142107,1.71076024694969,1539.66,19.03,11.45,2
"145","26B.3.4",9,10,23.3038487563582,"Yes",1539.66,19.03,11.45,"26B.3.4",452.67695781339,452.67695781339,481.08125746568,28.4042996522903,0.0514800860837385,4.82740600699363,0.0390071380012826,24.4118191927248,1539.66,19.03,11.45,2
"146","26B.3.4",9,10,1.19206275106641,"Yes",1539.66,19.03,11.45,"26B.3.4",452.67695781339,452.67695781339,481.08125746568,28.4042996522903,0.00263336299869236,1.09181626250318,0.00882225931728271,1.44265284832471,1539.66,19.03,11.45,2
"147","26B.3.4",9,10,8.56990778403174,"Yes",1539.66,19.03,11.45,"26B.3.4",452.67695781339,452.67695781339,481.08125746568,28.4042996522903,0.0189316191957899,2.92744048343117,0.0236547484844467,9.24180434818352,1539.66,19.03,11.45,2
"148","26B.3.4",9,10,19.4702853145775,"No",1539.66,19.03,11.45,"26B.3.4",452.67695781339,452.67695781339,481.08125746568,28.4042996522903,0.0430114344865857,4.41251462485707,0.0356546697450188,20.4830312380185,1539.66,19.03,11.45,2
"149","26B.3.4",9,10,22.2574471023344,"No",1539.66,19.03,11.45,"26B.3.4",452.67695781339,452.67695781339,481.08125746568,28.4042996522903,0.049168500225518,4.71777989125547,0.0381213204381964,23.340256511202,1539.66,19.03,11.45,2
"150","26B.3.4",9,10,1.75165913158285,"No",1539.66,19.03,11.45,"26B.3.4",452.67695781339,452.67695781339,481.08125746568,28.4042996522903,0.00386955664817592,1.3235025997643,0.0106943663904113,2.05542511912748,1539.66,19.03,11.45,2
"151","26B.3.4",9,10,0.241671865545235,"No",1539.66,19.03,11.45,"26B.3.4",452.67695781339,452.67695781339,481.08125746568,28.4042996522903,0.000533872690831462,0.491601327851374,0.00397231159122135,0.354502594294552,1539.66,19.03,11.45,2
"152","26B.3.4",9,10,21.158468963796,"No",1539.66,19.03,11.45,"26B.3.4",452.67695781339,452.67695781339,481.08125746568,28.4042996522903,0.0467407686620495,4.59983358001091,0.0371682727697812,22.2142077211069,1539.66,19.03,11.45,2
"153","26B.3.4",9,10,19.6121297564668,"No",1539.66,19.03,11.45,"26B.3.4",452.67695781339,452.67695781339,481.08125746568,28.4042996522903,0.0433247803272364,4.42855842870643,0.0357843093216177,20.6285580012882,1539.66,19.03,11.45,2
"154","26B.4.4",9,10,18.6130328870902,"No",1649.232,17.868,7.682,"26B.4.4",395.302297579576,395.302297579576,435.739760427531,40.4374628479545,0.0470855671749374,4.31428243014875,0.0506200641473168,20.6599798504084,1649.232,17.868,7.682,2
"155","26B.4.4",9,10,1.0582179512619,"Yes",1649.232,17.868,7.682,"26B.4.4",395.302297579576,395.302297579576,435.739760427531,40.4374628479545,0.00267698406445229,1.02869721068053,0.0120698446696312,1.5462918466707,1649.232,17.868,7.682,2
"156","26B.4.4",9,10,1.3557880240283,"Yes",1649.232,17.868,7.682,"26B.4.4",395.302297579576,395.302297579576,435.739760427531,40.4374628479545,0.00342974992133804,1.16438310878692,0.0136618658173508,1.90823921545116,1649.232,17.868,7.682,2
"157","26B.4.4",9,10,29.9957716556586,"Yes",1649.232,17.868,7.682,"26B.4.4",395.302297579576,395.302297579576,435.739760427531,40.4374628479545,0.0758805902199956,5.47683956818698,0.064260505600842,32.5943034634834,1649.232,17.868,7.682,2
"158","26B.4.4",9,10,4.56699323970238,"No",1649.232,17.868,7.682,"26B.4.4",395.302297579576,395.302297579576,435.739760427531,40.4374628479545,0.0115531664441769,2.13705246536026,0.0250743280335006,5.58093544799448,1649.232,17.868,7.682,2
"159","26B.4.4",9,10,2.38567899200186,"No",1649.232,17.868,7.682,"26B.4.4",395.302297579576,395.302297579576,435.739760427531,40.4374628479545,0.00603507494545135,1.54456433728151,0.018122584021499,3.11851031008016,1649.232,17.868,7.682,2
"160","26B.4.4",9,10,27.1555157209946,"No",1649.232,17.868,7.682,"26B.4.4",395.302297579576,395.302297579576,435.739760427531,40.4374628479545,0.0686955676384049,5.21109544347392,0.0611424935426272,29.6279630320559,1649.232,17.868,7.682,2
"161","26B.4.4",9,10,1.65820751900471,"No",1649.232,17.868,7.682,"26B.4.4",395.302297579576,395.302297579576,435.739760427531,40.4374628479545,0.00419478340793329,1.28771406725434,0.0151089247732837,2.26917410319691,1649.232,17.868,7.682,2
"162","26B.4.4",9,10,25.1204879178285,"No",1649.232,17.868,7.682,"26B.4.4",395.302297579576,395.302297579576,435.739760427531,40.4374628479545,0.0635475383564438,5.01203430932276,0.0588068821070954,27.4984890282382,1649.232,17.868,7.682,2
"163","26B.4.4",9,10,30.2645577000694,"No",1649.232,17.868,7.682,"26B.4.4",395.302297579576,395.302297579576,435.739760427531,40.4374628479545,0.0765605408452678,5.50132326809372,0.0645477761910059,32.8747060017112,1649.232,17.868,7.682,2
"164","26B.4.4",9,10,21.7709202638905,"No",1649.232,17.868,7.682,"26B.4.4",395.302297579576,395.302297579576,435.739760427531,40.4374628479545,0.0550741050512309,4.66593187518748,0.0547460150449299,23.9847102133435,1649.232,17.868,7.682,2
"165","26B.4.4",9,10,2.46147181430924,"No",1649.232,17.868,7.682,"26B.4.4",395.302297579576,395.302297579576,435.739760427531,40.4374628479545,0.00622680877237687,1.56890784124156,0.0184082096735001,3.20585310907876,1649.232,17.868,7.682,2
"166","26B.4.4",9,10,1.71658724140434,"No",1649.232,17.868,7.682,"26B.4.4",395.302297579576,395.302297579576,435.739760427531,40.4374628479545,0.00434246714960916,1.31018595680321,0.0153725905181422,2.33821579935853,1649.232,17.868,7.682,2
"167","26B.4.4",9,10,23.6875535437991,"No",1649.232,17.868,7.682,"26B.4.4",395.302297579576,395.302297579576,435.739760427531,40.4374628479545,0.059922630576238,4.86698608420027,0.0571050114996345,25.9967353247475,1649.232,17.868,7.682,2
"168","26B.4.4",9,10,37.1549899850251,"No",1649.232,17.868,7.682,"26B.4.4",395.302297579576,395.302297579576,435.739760427531,40.4374628479545,0.0939913332467934,6.09548931465105,0.0715192074493559,40.0470452791736,1649.232,17.868,7.682,2
"169","26B.4.4",9,10,1.62737724298044,"No",1649.232,17.868,7.682,"26B.4.4",395.302297579576,395.302297579576,435.739760427531,40.4374628479545,0.00411679176403685,1.27568696904078,0.0149678091896533,2.23263747100232,1649.232,17.868,7.682,2
"170","26B.4.4",9,10,32.6793563601464,"No",1649.232,17.868,7.682,"26B.4.4",395.302297579576,395.302297579576,435.739760427531,40.4374628479545,0.0826692800933389,5.71658607563521,0.0670734840700578,35.3916378803122,1649.232,17.868,7.682,2
"171","26B.4.4",9,10,4.2821853572965,"No",1649.232,17.868,7.682,"26B.4.4",395.302297579576,395.302297579576,435.739760427531,40.4374628479545,0.0108326852222114,2.06934418531488,0.024279897549476,5.26400281240558,1649.232,17.868,7.682,2
"172","26B.4.4",9,10,28.6606974036634,"No",1649.232,17.868,7.682,"26B.4.4",395.302297579576,395.302297579576,435.739760427531,40.4374628479545,0.0725032401257265,5.35356866059112,0.0628141512299749,31.2007423103513,1649.232,17.868,7.682,2
"173","26B.4.4",9,10,33.8406571768694,"No",1649.232,17.868,7.682,"26B.4.4",395.302297579576,395.302297579576,435.739760427531,40.4374628479545,0.0856070338676874,5.81727231414083,0.0682548494383261,36.6007101152245,1649.232,17.868,7.682,2
"174","26B.4.4",9,10,1.21517716976348,"Yes",1649.232,17.868,7.682,"26B.4.4",395.302297579576,395.302297579576,435.739760427531,40.4374628479545,0.00307404529951881,1.10235074715967,0.0129340316582244,1.7381965944172,1649.232,17.868,7.682,2
"175","26B.4.4",9,10,32.6254800071059,"Yes",1649.232,17.868,7.682,"26B.4.4",395.302297579576,395.302297579576,435.739760427531,40.4374628479545,0.0825329885681685,5.71187184792393,0.0670181713933812,35.3355248229636,1649.232,17.868,7.682,2
"176","26B.4.4",9,10,2.67923904361591,"No",1649.232,17.868,7.682,"26B.4.4",395.302297579576,395.302297579576,435.739760427531,40.4374628479545,0.00677769661350517,1.63683812382774,0.0192052449436132,3.45585042250913,1649.232,17.868,7.682,2
"177","26B.4.4",9,10,28.7263533620662,"No",1649.232,17.868,7.682,"26B.4.4",395.302297579576,395.302297579576,435.739760427531,40.4374628479545,0.072669330631157,5.35969713342706,0.0628860574375779,31.2693059733526,1649.232,17.868,7.682,2
"178","26B.5.4",9,10,12.2396659466848,"No",1156.496,15.305,4.494,"26B.5.4",228.226827863496,228.226827863496,271.740693238259,43.5138653747621,0.0536293916945007,3.49852339518901,0.0502312218652933,14.425420572541,1156.496,15.305,4.494,2
"179","26B.5.4",9,10,1.2955456434004,"Yes",1156.496,15.305,4.494,"26B.5.4",228.226827863496,228.226827863496,271.740693238259,43.5138653747621,0.00567657034682738,1.1382203843722,0.016342380541923,2.00666579020477,1156.496,15.305,4.494,2
"180","26B.5.4",9,10,3.75190830656332,"Yes",1156.496,15.305,4.494,"26B.5.4",228.226827863496,228.226827863496,271.740693238259,43.5138653747621,0.0164393833174045,1.93698433307121,0.0278109015700438,4.96206813343297,1156.496,15.305,4.494,2
"181","26B.5.4",9,10,27.4806651087337,"No",1156.496,15.305,4.494,"26B.5.4",228.226827863496,228.226827863496,271.740693238259,43.5138653747621,0.120409442509406,5.24220040715096,0.07526664880276,30.7558079319465,1156.496,15.305,4.494,2
"182","26B.5.4",9,10,5.59781051807353,"No",1156.496,15.305,4.494,"26B.5.4",228.226827863496,228.226827863496,271.740693238259,43.5138653747621,0.0245273992127762,2.36596925552162,0.0339701963302574,7.07598506794259,1156.496,15.305,4.494,2
"183","26B.5.4",9,10,15.0970809283869,"No",1156.496,15.305,4.494,"26B.5.4",228.226827863496,228.226827863496,271.740693238259,43.5138653747621,0.0661494578429514,3.8854962267884,0.0557873139544986,17.5246025974225,1156.496,15.305,4.494,2
"184","26B.5.4",9,10,1.35060290927766,"Yes",1156.496,15.305,4.494,"26B.5.4",228.226827863496,228.226827863496,271.740693238259,43.5138653747621,0.00591780958409263,1.16215442574456,0.0166860215602913,2.07667620509255,1156.496,15.305,4.494,2
"185","26B.5.4",9,10,4.24315230185797,"Yes",1156.496,15.305,4.494,"26B.5.4",228.226827863496,228.226827863496,271.740693238259,43.5138653747621,0.0185918208721536,2.05989133253625,0.0295755799962095,5.53010010819353,1156.496,15.305,4.494,2
"186","26B.5.4",9,10,15.0999815948151,"No",1156.496,15.305,4.494,"26B.5.4",228.226827863496,228.226827863496,271.740693238259,43.5138653747621,0.0661621674198901,3.88586947732616,0.0557926730241563,17.5277364576864,1156.496,15.305,4.494,2
"187","26B.5.4",9,10,3.61657006484103,"No",1156.496,15.305,4.494,"26B.5.4",228.226827863496,228.226827863496,271.740693238259,43.5138653747621,0.0158463844881729,1.90172817848425,0.0273046995175979,4.80470308374812,1156.496,15.305,4.494,2
"188","26B.5.4",9,10,10.726305258994,"No",1156.496,15.305,4.494,"26B.5.4",228.226827863496,228.226827863496,271.740693238259,43.5138653747621,0.0469984416792992,3.27510385468827,0.0470234009533716,12.7724751975425,1156.496,15.305,4.494,2
"189","26B.5.4",9,10,19.4427486000368,"No",1156.496,15.305,4.494,"26B.5.4",228.226827863496,228.226827863496,271.740693238259,43.5138653747621,0.0851904606572617,4.4093932235668,0.0633093406232141,22.1975827248803,1156.496,15.305,4.494,2
"190","26B.5.4",9,10,9.05059706852075,"No",1156.496,15.305,4.494,"26B.5.4",228.226827863496,228.226827863496,271.740693238259,43.5138653747621,0.0396561488990854,3.00842102580752,0.0431944128826917,10.9301529356401,1156.496,15.305,4.494,2
"191","26B.5.4",9,10,9.05059706852075,"No",1156.496,15.305,4.494,"26B.5.4",228.226827863496,228.226827863496,271.740693238259,43.5138653747621,0.0396561488990854,3.00842102580752,0.0431944128826917,10.9301529356401,1156.496,15.305,4.494,2
"192","26B.5.4",9,10,1.47244900825433,"Yes",1156.496,15.305,4.494,"26B.5.4",228.226827863496,228.226827863496,271.740693238259,43.5138653747621,0.00645169116198299,1.21344509898649,0.0174224445868684,2.23056691650658,1156.496,15.305,4.494,2
"193","26B.5.4",9,10,1.34791226661764,"Yes",1156.496,15.305,4.494,"26B.5.4",228.226827863496,228.226827863496,271.740693238259,43.5138653747621,0.0059060202485215,1.16099623884733,0.016669392503851,2.07326196790928,1156.496,15.305,4.494,2
"194","26B.5.4",9,10,16.6223873251649,"Yes",1156.496,15.305,4.494,"26B.5.4",228.226827863496,228.226827863496,271.740693238259,43.5138653747621,0.0728327492467572,4.07705620824203,0.0585377005725046,19.169588947225,1156.496,15.305,4.494,2
"195","26B.5.4",9,10,4.70463514909705,"No",1156.496,15.305,4.494,"26B.5.4",228.226827863496,228.226827863496,271.740693238259,43.5138653747621,0.0206138568070136,2.16901709285498,0.0311423896637757,6.05976090037497,1156.496,15.305,4.494,2
"196","26B.5.4",9,10,15.7064289742183,"No",1156.496,15.305,4.494,"26B.5.4",228.226827863496,228.226827863496,271.740693238259,43.5138653747621,0.0688193807943228,3.96313373155869,0.0569020204425408,18.182455831307,1156.496,15.305,4.494,2
"197","26B.5.4",9,10,1.73843449720983,"No",1156.496,15.305,4.494,"26B.5.4",228.226827863496,228.226827863496,271.740693238259,43.5138653747621,0.00761713473163459,1.31849705999286,0.0189307633158361,2.5621851835766,1156.496,15.305,4.494,2
"198","26B.5.4",9,10,7.84955209825497,"No",1156.496,15.305,4.494,"26B.5.4",228.226827863496,228.226827863496,271.740693238259,43.5138653747621,0.0343936432527986,2.80170521259018,0.0402264213320096,9.59995918060449,1156.496,15.305,4.494,2
"199","26B.5.4",9,10,1.81644134359078,"No",1156.496,15.305,4.494,"26B.5.4",228.226827863496,228.226827863496,271.740693238259,43.5138653747621,0.00795892998467821,1.34775418515053,0.0193508322932099,2.65847085488711,1156.496,15.305,4.494,2
"200","26B.5.4",9,10,1.01603781276382,"Yes",1156.496,15.305,4.494,"26B.5.4",228.226827863496,228.226827863496,271.740693238259,43.5138653747621,0.0044518772060028,1.00798701021582,0.0144725112363437,1.64579271833682,1156.496,15.305,4.494,2
"201","26B.5.4",9,10,26.8651472101806,"Yes",1156.496,15.305,4.494,"26B.5.4",228.226827863496,228.226827863496,271.740693238259,43.5138653747621,0.117712485695366,5.1831599637847,0.0744189558549768,30.1034036365844,1156.496,15.305,4.494,2
"202","26B.5.4",9,10,3.6186390110904,"No",1156.496,15.305,4.494,"26B.5.4",228.226827863496,228.226827863496,271.740693238259,43.5138653747621,0.0158554497951254,1.90227206547602,0.0273125085573176,4.80711183150055,1156.496,15.305,4.494,2
"203","26B.5.4",9,10,7.42553184834711,"No",1156.496,15.305,4.494,"26B.5.4",228.226827863496,228.226827863496,271.740693238259,43.5138653747621,0.0325357536528894,2.72498290789999,0.0391248551357655,9.12800552753188,1156.496,15.305,4.494,2
"204","26B.6.4",9,10,2.17001001923159,"No",718.131,11.173,4.064,"26B.6.4",265.293784275089,265.293784275089,307.603396669726,42.3096123946373,0.00817964893207397,1.47309538701049,0.0220198500065843,3.10166133799823,718.131,11.173,4.064,2
"205","26B.6.4",9,10,20.8447500586682,"No",718.131,11.173,4.064,"26B.6.4",265.293784275089,265.293784275089,307.603396669726,42.3096123946373,0.0785723273375067,4.56560511418456,0.0682467277340826,23.7322426562996,718.131,11.173,4.064,2
"206","26B.6.4",9,10,22.3340587811562,"No",718.131,11.173,4.064,"26B.6.4",265.293784275089,265.293784275089,307.603396669726,42.3096123946373,0.0841861366717794,4.72589237934554,0.070642703967484,25.3229242045296,718.131,11.173,4.064,2
"207","26B.6.4",9,10,1.74613815139206,"No",718.131,11.173,4.064,"26B.6.4",265.293784275089,265.293784275089,307.603396669726,42.3096123946373,0.0065819037417833,1.32141520779506,0.019752532611698,2.58186015000543,718.131,11.173,4.064,2
"208","26B.6.4",9,10,27.7214038154912,"No",718.131,11.173,4.064,"26B.6.4",265.293784275089,265.293784275089,307.603396669726,42.3096123946373,0.104493227729551,5.26511194709963,0.0787029654463123,31.0512957778332,718.131,11.173,4.064,2
"209","26B.6.4",9,10,22.3340587811562,"No",718.131,11.173,4.064,"26B.6.4",265.293784275089,265.293784275089,307.603396669726,42.3096123946373,0.0841861366717794,4.72589237934554,0.070642703967484,25.3229242045296,718.131,11.173,4.064,2
"210","26B.6.4",9,10,19.9186341966352,"No",718.131,11.173,4.064,"26B.6.4",265.293784275089,265.293784275089,307.603396669726,42.3096123946373,0.0750814205883586,4.4630297104809,0.0667134291956199,22.741253527419,718.131,11.173,4.064,2
"211","26B.6.4",9,10,22.3340587811562,"No",718.131,11.173,4.064,"26B.6.4",265.293784275089,265.293784275089,307.603396669726,42.3096123946373,0.0841861366717794,4.72589237934554,0.070642703967484,25.3229242045296,718.131,11.173,4.064,2
"212","26B.6.4",9,10,19.9186341966352,"No",718.131,11.173,4.064,"26B.6.4",265.293784275089,265.293784275089,307.603396669726,42.3096123946373,0.0750814205883586,4.4630297104809,0.0667134291956199,22.741253527419,718.131,11.173,4.064,2
"213","26B.6.4",9,10,5.09198009147954,"No",718.131,11.173,4.064,"26B.6.4",265.293784275089,265.293784275089,307.603396669726,42.3096123946373,0.019193740650175,2.25654162192492,0.0337308150487388,6.51911780194688,718.131,11.173,4.064,2
"214","26B.6.4",9,10,5.73874712454543,"No",718.131,11.173,4.064,"26B.6.4",265.293784275089,265.293784275089,307.603396669726,42.3096123946373,0.0216316682285884,2.3955682258173,0.0358089866265126,7.25381146895793,718.131,11.173,4.064,2
"215","26B.6.4",9,10,16.4406785236079,"No",718.131,11.173,4.064,"26B.6.4",265.293784275089,265.293784275089,307.603396669726,42.3096123946373,0.0619715933734815,4.05471065843273,0.0606098704171364,19.0050586482462,718.131,11.173,4.064,2
"216","26B.6.4",9,10,2.10942371515315,"No",718.131,11.173,4.064,"26B.6.4",265.293784275089,265.293784275089,307.603396669726,42.3096123946373,0.00795127454989992,1.45238552566223,0.0217102787157045,3.02797719259416,718.131,11.173,4.064,2
"217","26B.6.4",9,10,3.93693496755665,"No",718.131,11.173,4.064,"26B.6.4",265.293784275089,265.293784275089,307.603396669726,42.3096123946373,0.0148399065523313,1.98417110339725,0.0296594168099822,5.19181339663799,718.131,11.173,4.064,2
"218","26B.6.4",9,10,18.1399061374389,"No",718.131,11.173,4.064,"26B.6.4",265.293784275089,265.293784275089,307.603396669726,42.3096123946373,0.0683766722503729,4.25909686875503,0.0636650382863704,20.833549230425,718.131,11.173,4.064,2
"219","26B.6.4",9,10,17.297866368575,"No",718.131,11.173,4.064,"26B.6.4",265.293784275089,265.293784275089,307.603396669726,42.3096123946373,0.065202682436911,4.15907037312126,0.062169840860622,19.9282482380242,718.131,11.173,4.064,2
"220","26B.6.4",9,10,1.18553772231098,"Yes",718.131,11.173,4.064,"26B.6.4",265.293784275089,265.293784275089,307.603396669726,42.3096123946373,0.00446877308320828,1.08882400887884,0.0162757561869339,1.87415865800978,718.131,11.173,4.064,2
"221","26B.6.4",9,10,16.112328646264,"Yes",718.131,11.173,4.064,"26B.6.4",265.293784275089,265.293784275089,307.603396669726,42.3096123946373,0.0607339093537027,4.01401652291866,0.060001573922511,18.6509719819936,718.131,11.173,4.064,2
"222","26B.6.4",9,10,1.46173397584818,"Yes",718.131,11.173,4.064,"26B.6.4",265.293784275089,265.293784275089,307.603396669726,42.3096123946373,0.00550986891699083,1.20902190875442,0.0180724760393652,2.2263734320851,718.131,11.173,4.064,2
"223","26B.6.4",9,10,18.456900220787,"Yes",718.131,11.173,4.064,"26B.6.4",265.293784275089,265.293784275089,307.603396669726,42.3096123946373,0.0695715516713677,4.29614946443755,0.0642189009937539,21.1739770302424,718.131,11.173,4.064,2
"224","26B.7.4",9,10,3.39203039157862,"No",4784.066,38.553,12.132,"26B.7.4",384.982189735365,384.982189735365,415.188839696779,30.2066499614142,0.00881087614445304,1.84174656008329,0.0213415542729801,4.03668725113505,4784.066,38.553,12.132,2
"225","26B.7.4",9,10,1.83279742121631,"No",4784.066,38.553,12.132,"26B.7.4",384.982189735365,384.982189735365,415.188839696779,30.2066499614142,0.00476073301592513,1.35380848764377,0.0156874881378706,2.3066638841708,4784.066,38.553,12.132,2
"226","26B.7.4",9,10,31.3160122769641,"No",4784.066,38.553,12.132,"26B.7.4",384.982189735365,384.982189735365,415.188839696779,30.2066499614142,0.0813440546392305,5.59607114652451,0.0648454345877046,33.2747756211507,4784.066,38.553,12.132,2
"227","26B.7.4",9,10,27.9107445070051,"No",4784.066,38.553,12.132,"26B.7.4",384.982189735365,384.982189735365,415.188839696779,30.2066499614142,0.0724987941031526,5.28306203891314,0.0612183878469614,29.7599469199003,4784.066,38.553,12.132,2
"228","26B.7.4",9,10,1.39606466782773,"No",4784.066,38.553,12.132,"26B.7.4",384.982189735365,384.982189735365,415.188839696779,30.2066499614142,0.00362630974899743,1.18155180496994,0.0136914342714794,1.80963703033602,4784.066,38.553,12.132,2
"229","26B.7.4",9,10,1.68627642409177,"No",4784.066,38.553,12.132,"26B.7.4",384.982189735365,384.982189735365,415.188839696779,30.2066499614142,0.00438014139108853,1.29856706568886,0.0150473686826107,2.14080702272774,4784.066,38.553,12.132,2
"230","26B.7.4",9,10,36.7163208210737,"No",4784.066,38.553,12.132,"26B.7.4",384.982189735365,384.982189735365,415.188839696779,30.2066499614142,0.0953714789931252,6.05939937791476,0.0702143299670839,38.8372605086647,4784.066,38.553,12.132,2
"231","26B.7.4",9,10,2.51112253413297,"No",4784.066,38.553,12.132,"26B.7.4",384.982189735365,384.982189735365,415.188839696779,30.2066499614142,0.00652269793534891,1.58465218080592,0.0183624290406909,3.06579000060642,4784.066,38.553,12.132,2
"232","26B.7.4",9,10,2.10724863134115,"No",4784.066,38.553,12.132,"26B.7.4",384.982189735365,384.982189735365,415.188839696779,30.2066499614142,0.00547362628071096,1.45163653554915,0.0168210874283713,2.6153573312603,4784.066,38.553,12.132,2
"233","26B.7.4",9,10,1.83816652012768,"No",4784.066,38.553,12.132,"26B.7.4",384.982189735365,384.982189735365,415.188839696779,30.2066499614142,0.00477467937254767,1.35578999853505,0.0157104492353123,2.31272656091533,4784.066,38.553,12.132,2
"234","26B.7.4",9,10,1.1032465998712,"Yes",4784.066,38.553,12.132,"26B.7.4",384.982189735365,384.982189735365,415.188839696779,30.2066499614142,0.00286570815296564,1.05035546357945,0.0121711741548676,1.4708969971867,4784.066,38.553,12.132,2
"235","26B.7.4",9,10,43.2938474521969,"Yes",4784.066,38.553,12.132,"26B.7.4",384.982189735365,384.982189735365,415.188839696779,30.2066499614142,0.112456754121423,6.57980603454212,0.0762446313924498,45.5969423441057,4784.066,38.553,12.132,2
"236","26B.7.4",9,10,2.89494679039367,"No",4784.066,38.553,12.132,"26B.7.4",384.982189735365,384.982189735365,415.188839696779,30.2066499614142,0.00751969017679401,1.70145431628171,0.0197158938264993,3.49049789388714,4784.066,38.553,12.132,2
"237","26B.7.4",9,10,26.336431282992,"No",4784.066,38.553,12.132,"26B.7.4",384.982189735365,384.982189735365,415.188839696779,30.2066499614142,0.0684094796725416,5.13190328075189,0.0594668098008546,28.1327243909684,4784.066,38.553,12.132,2
"238","26B.7.4",9,10,1.39411877818324,"No",4784.066,38.553,12.132,"26B.7.4",384.982189735365,384.982189735365,415.188839696779,30.2066499614142,0.00362125525635758,1.18072807122692,0.0136818891153954,1.80740281350287,4784.066,38.553,12.132,2
"239","26B.7.4",9,10,1.43071874611778,"Yes",4784.066,38.553,12.132,"26B.7.4",384.982189735365,384.982189735365,415.188839696779,30.2066499614142,0.00371632450607975,1.19612655940656,0.0138603217392591,1.84939263324816,4784.066,38.553,12.132,2
"240","26B.7.4",9,10,25.4088389745449,"Yes",4784.066,38.553,12.132,"26B.7.4",384.982189735365,384.982189735365,415.188839696779,30.2066499614142,0.0660000375394271,5.04071810107895,0.0584101858857848,27.173215013778,4784.066,38.553,12.132,2
"241","26B.7.4",9,10,1.86923004366056,"No",4784.066,38.553,12.132,"26B.7.4",384.982189735365,384.982189735365,415.188839696779,30.2066499614142,0.00485536758192752,1.3671978802136,0.0158426400216338,2.34778312525875,4784.066,38.553,12.132,2
"242","26B.7.4",9,10,32.43188314555,"No",4784.066,38.553,12.132,"26B.7.4",384.982189735365,384.982189735365,415.188839696779,30.2066499614142,0.0842425546175098,5.69489974850743,0.0659906279702545,34.4252389453814,4784.066,38.553,12.132,2
"243","26B.7.4",9,10,43.7712490378892,"No",4784.066,38.553,12.132,"26B.7.4",384.982189735365,384.982189735365,415.188839696779,30.2066499614142,0.113696815605879,6.61598435895137,0.0766638539340413,46.0870072383677,4784.066,38.553,12.132,2
"244","26B.7.4",9,10,2.36756524681117,"No",4784.066,38.553,12.132,"26B.7.4",384.982189735365,384.982189735365,415.188839696779,30.2066499614142,0.0061498046141787,1.53868945756159,0.0178298280987846,2.90614462306334,4784.066,38.553,12.132,2
"245","26B.7.4",9,10,21.4665156602034,"No",4784.066,38.553,12.132,"26B.7.4",384.982189735365,384.982189735365,415.188839696779,30.2066499614142,0.0557597630034765,4.63319713159319,0.0536879667291684,23.0882492783314,4784.066,38.553,12.132,2
"246","26B.7.4",9,10,25.6796080866497,"No",4784.066,38.553,12.132,"26B.7.4",384.982189735365,384.982189735365,415.188839696779,30.2066499614142,0.0667033664708014,5.06750511461505,0.0587205850012667,27.4533602433124,4784.066,38.553,12.132,2
"247","26B.7.4",9,10,3.23835394616141,"No",4784.066,38.553,12.132,"26B.7.4",384.982189735365,384.982189735365,415.188839696779,30.2066499614142,0.0084116980798188,1.79954270473401,0.0208525098577568,3.86823841225161,4784.066,38.553,12.132,2
"248","26B.7.4",9,10,2.55913334549147,"No",4784.066,38.553,12.132,"26B.7.4",384.982189735365,384.982189735365,415.188839696779,30.2066499614142,0.00664740711057465,1.59972914754075,0.018537135979646,3.11907812331577,4784.066,38.553,12.132,2
"249","26B.7.4",9,10,2.47309080369858,"No",4784.066,38.553,12.132,"26B.7.4",384.982189735365,384.982189735365,415.188839696779,30.2066499614142,0.00642390964994659,1.57260637277692,0.0182228461733276,3.02354193935699,4784.066,38.553,12.132,2
"250","26B.7.4",9,10,2.98533109414352,"No",4784.066,38.553,12.132,"26B.7.4",384.982189735365,384.982189735365,415.188839696779,30.2066499614142,0.00775446546292341,1.72781107015308,0.0200213072342919,3.5901077135397,4784.066,38.553,12.132,2
"251","26B.7.4",9,10,33.5712965054472,"No",4784.066,38.553,12.132,"26B.7.4",384.982189735365,384.982189735365,415.188839696779,30.2066499614142,0.0872022067527955,5.79407425784717,0.0671398296136524,35.5993658370558,4784.066,38.553,12.132,2
"252","26B.8.4",9,10,7.90544966173617,"No",1082.182,17.133,3.591,"26B.8.4",101.809540856139,101.809540856139,130.55773026018,28.7481894040407,0.0776493990175919,2.81166314869619,0.0833103766758802,10.3004721497363,1082.182,17.133,3.591,2
"253","26B.8.4",9,10,7.90544966173617,"No",1082.182,17.133,3.591,"26B.8.4",101.809540856139,101.809540856139,130.55773026018,28.7481894040407,0.0776493990175919,2.81166314869619,0.0833103766758802,10.3004721497363,1082.182,17.133,3.591,2
"254","26B.8.4",9,10,4.54996261674614,"No",1082.182,17.133,3.591,"26B.8.4",101.809540856139,101.809540856139,130.55773026018,28.7481894040407,0.0446909256095695,2.13306413798229,0.0632032954913257,6.36694292649032,1082.182,17.133,3.591,2
"255","26B.8.4",9,10,3.89793882581798,"No",1082.182,17.133,3.591,"26B.8.4",101.809540856139,101.809540856139,130.55773026018,28.7481894040407,0.0382865770048597,1.97431983878448,0.0584996568753518,5.57969804174199,1082.182,17.133,3.591,2
"256","26B.8.4",9,10,9.98025827781751,"No",1082.182,17.133,3.591,"26B.8.4",101.809540856139,101.809540856139,130.55773026018,28.7481894040407,0.0980287131627477,3.15915467772908,0.0936066492534939,12.6712799600346,1082.182,17.133,3.591,2
"257","26B.8.4",9,10,13.422162811566,"No",1082.182,17.133,3.591,"26B.8.4",101.809540856139,101.809540856139,130.55773026018,28.7481894040407,0.131836001799989,3.66362700224327,0.108554307331711,16.5429025993625,1082.182,17.133,3.591,2
"258","26B.8.4",9,10,13.422162811566,"No",1082.182,17.133,3.591,"26B.8.4",101.809540856139,101.809540856139,130.55773026018,28.7481894040407,0.131836001799989,3.66362700224327,0.108554307331711,16.5429025993625,1082.182,17.133,3.591,2
"259","26B.8.4",9,10,5.6205603006148,"No",1082.182,17.133,3.591,"26B.8.4",101.809540856139,101.809540856139,130.55773026018,28.7481894040407,0.0552066167212842,2.37077208955538,0.0702466495266729,7.64002428620686,1082.182,17.133,3.591,2
"260","26B.8.4",9,10,11.7018652961795,"No",1082.182,17.133,3.591,"26B.8.4",101.809540856139,101.809540856139,130.55773026018,28.7481894040407,0.114938788622126,3.42079892659295,0.101359242567538,14.6157599993611,1082.182,17.133,3.591,2
"261","26B.8.4",9,10,11.7018652961795,"No",1082.182,17.133,3.591,"26B.8.4",101.809540856139,101.809540856139,130.55773026018,28.7481894040407,0.114938788622126,3.42079892659295,0.101359242567538,14.6157599993611,1082.182,17.133,3.591,2
"262","26B.8.4",9,10,1.14687235205434,"Yes",1082.182,17.133,3.591,"26B.8.4",101.809540856139,101.809540856139,130.55773026018,28.7481894040407,0.0112648808982934,1.07092126323757,0.03173170081626,2.05910129723254,1082.182,17.133,3.591,2
"263","26B.8.4",9,10,10.5549929441251,"Yes",1082.182,17.133,3.591,"26B.8.4",101.809540856139,101.809540856139,130.55773026018,28.7481894040407,0.103673907723832,3.24884486304365,0.0962641948866368,13.3224142515536,1082.182,17.133,3.591,2
"264","26B.9.4",9,10,1.15860613986617,"Yes",1823.272,20.457,6.603,"26B.9.4",273.370091408853,273.370091408853,310.4590452188,37.0889538099471,0.00423823298991899,1.07638568360331,0.0168090404140849,1.7820358633737,1823.272,20.457,6.603,2
"265","26B.9.4",9,10,31.2026178751309,"Yes",1823.272,20.457,6.603,"26B.9.4",273.370091408853,273.370091408853,310.4590452188,37.0889538099471,0.114140569344377,5.58593035000714,0.0872309344446251,34.4379219735462,1823.272,20.457,6.603,2
"266","26B.9.4",9,10,4.6862901407362,"No",1823.272,20.457,6.603,"26B.9.4",273.370091408853,273.370091408853,310.4590452188,37.0889538099471,0.0171426585716993,2.16478408640127,0.0338056737007821,5.94010721113865,1823.272,20.457,6.603,2
"267","26B.9.4",9,10,2.03673114563564,"No",1823.272,20.457,6.603,"26B.9.4",273.370091408853,273.370091408853,310.4590452188,37.0889538099471,0.00745045346818683,1.427140899013,0.0222864995452167,2.86331409785359,1823.272,20.457,6.603,2
"268","26B.9.4",9,10,1.30343732233858,"Yes",1823.272,20.457,6.603,"26B.9.4",273.370091408853,273.370091408853,310.4590452188,37.0889538099471,0.0047680319219309,1.14168179557116,0.0178287167268317,1.96468577351067,1823.272,20.457,6.603,2
"269","26B.9.4",9,10,44.8827703783017,"Yes",1823.272,20.457,6.603,"26B.9.4",273.370091408853,273.370091408853,310.4590452188,37.0889538099471,0.164183178002362,6.69946045426806,0.104620029087879,48.7630178047373,1823.272,20.457,6.603,2
"270","26B.9.4",9,10,25.334002862274,"No",1823.272,20.457,6.603,"26B.9.4",273.370091408853,273.370091408853,310.4590452188,37.0889538099471,0.0926729136011606,5.03328946736366,0.0786007909260558,28.2492239663558,1823.272,20.457,6.603,2
"271","26B.9.4",9,10,3.97598716306812,"No",1823.272,20.457,6.603,"26B.9.4",273.370091408853,273.370091408853,310.4590452188,37.0889538099471,0.0145443385652662,1.99398775399151,0.0311384861881775,5.13088103901311,1823.272,20.457,6.603,2
"272","26B.9.4",9,10,2.11713844710579,"No",1823.272,20.457,6.603,"26B.9.4",273.370091408853,273.370091408853,310.4590452188,37.0889538099471,0.00774458696704824,1.45503898473745,0.0227221612764728,2.95987963715105,1823.272,20.457,6.603,2
"273","26B.9.4",9,10,22.2207348876426,"No",1823.272,20.457,6.603,"26B.9.4",273.370091408853,273.370091408853,310.4590452188,37.0889538099471,0.081284440346509,4.71388744961551,0.0736129492012419,24.9509621603814,1823.272,20.457,6.603,2
"274","26B.9.4",9,10,3.38029222165655,"No",1823.272,20.457,6.603,"26B.9.4",273.370091408853,273.370091408853,310.4590452188,37.0889538099471,0.0123652598725622,1.83855710318079,0.0287112520370145,4.44516252228313,1823.272,20.457,6.603,2
"275","26B.9.4",9,10,27.8026146111647,"No",1823.272,20.457,6.603,"26B.9.4",273.370091408853,273.370091408853,310.4590452188,37.0889538099471,0.101703205598974,5.27281846939232,0.0823413206792636,30.856568050488,1823.272,20.457,6.603,2
"276","26B.9.4",9,10,1.68654566323191,"No",1823.272,20.457,6.603,"26B.9.4",273.370091408853,273.370091408853,310.4590452188,37.0889538099471,0.00616945933821821,1.29867072933516,0.0202802853164189,2.43872022858512,1823.272,20.457,6.603,2
"277","26B.9.4",9,10,1.26924758535344,"Yes",1823.272,20.457,6.603,"26B.9.4",273.370091408853,273.370091408853,310.4590452188,37.0889538099471,0.00464296433751106,1.12660888748201,0.0175933353713494,1.92176598830433,1823.272,20.457,6.603,2
"278","26B.9.4",9,10,33.0800104321976,"Yes",1823.272,20.457,6.603,"26B.9.4",273.370091408853,273.370091408853,310.4590452188,37.0889538099471,0.121008155141314,5.75152244472693,0.0898168516068452,36.4112234927988,1823.272,20.457,6.603,2
"279","26B.9.4",9,10,1.39621611522511,"Yes",1823.272,20.457,6.603,"26B.9.4",273.370091408853,273.370091408853,310.4590452188,37.0889538099471,0.00510742088876476,1.18161589157607,0.018452335048658,2.08059391753045,1823.272,20.457,6.603,2
"280","26B.9.4",9,10,19.7035124838415,"Yes",1823.272,20.457,6.603,"26B.9.4",273.370091408853,273.370091408853,310.4590452188,37.0889538099471,0.0720763284026302,4.43886387309202,0.0693181295255157,22.2744493880053,1823.272,20.457,6.603,2
"281","26B.9.4",9,10,2.64480148261392,"No",1823.272,20.457,6.603,"26B.9.4",273.370091408853,273.370091408853,310.4590452188,37.0889538099471,0.0096748019104195,1.62628456384912,0.0253963643097066,3.58672606543722,1823.272,20.457,6.603,2
"282","26B.9.4",9,10,1.18206086461432,"Yes",1823.272,20.457,6.603,"26B.9.4",273.370091408853,273.370091408853,310.4590452188,37.0889538099471,0.00432403142027132,1.08722622513179,0.016978328340744,1.81176930021429,1823.272,20.457,6.603,2
"283","26B.9.4",9,10,26.541332330951,"Yes",1823.272,20.457,6.603,"26B.9.4",273.370091408853,273.370091408853,310.4590452188,37.0889538099471,0.0970893787033044,5.1518280571998,0.0804519117441199,29.5252095695506,1823.272,20.457,6.603,2
"284","26B.9.4",9,10,15.7651412559029,"No",1823.272,20.457,6.603,"26B.9.4",273.370091408853,273.370091408853,310.4590452188,37.0889538099471,0.0576695906075712,3.97053412728097,0.0620046045089964,18.0648271685411,1823.272,20.457,6.603,2
