"","sample.name","start.day","end.day","new.cells","did.it.migrate","asymp","midp","sca","sample","start.sum","model.start.sum","model.end.sum","pop.growth","perc.clust","tsqrt","tsqrtnorm","cells","asymptote","midpoint","scale","Subsample"
"1","26B.1.4",32,33,103.839392641008,"No",909.0273,13.3691,3.2372,"26B.1.4",906.158302785668,906.158302785668,906.918977241688,0.760674456020865,0.114592993654409,3.19220324557894,0.111985082358941,103.924576832614,909.0273,13.3691,3.2372,1
"2","26B.1.4",32,33,98.9084644004019,"No",909.0273,13.3691,3.2372,"26B.1.4",906.158302785668,906.158302785668,906.918977241688,0.760674456020865,0.109151418793319,3.15361276480925,0.110631296952811,98.9926188020304,909.0273,13.3691,3.2372,1
"3","26B.1.4",32,33,103.839392641008,"No",909.0273,13.3691,3.2372,"26B.1.4",906.158302785668,906.158302785668,906.918977241688,0.760674456020865,0.114592993654409,3.19220324557894,0.111985082358941,103.924576832614,909.0273,13.3691,3.2372,1
"4","26B.1.4",32,33,98.9084644004019,"No",909.0273,13.3691,3.2372,"26B.1.4",906.158302785668,906.158302785668,906.918977241688,0.760674456020865,0.109151418793319,3.15361276480925,0.110631296952811,98.9926188020304,909.0273,13.3691,3.2372,1
"5","26B.1.4",32,33,101.466917304864,"No",909.0273,13.3691,3.2372,"26B.1.4",906.158302785668,906.158302785668,906.918977241688,0.760674456020865,0.1119748249207,3.17381140577142,0.111339881681813,101.551610708796,909.0273,13.3691,3.2372,1
"6","26B.1.4",32,33,103.839392641008,"No",909.0273,13.3691,3.2372,"26B.1.4",906.158302785668,906.158302785668,906.918977241688,0.760674456020865,0.114592993654409,3.19220324557894,0.111985082358941,103.924576832614,909.0273,13.3691,3.2372,1
"7","26B.1.4",32,33,103.839392641008,"No",909.0273,13.3691,3.2372,"26B.1.4",906.158302785668,906.158302785668,906.918977241688,0.760674456020865,0.114592993654409,3.19220324557894,0.111985082358941,103.924576832614,909.0273,13.3691,3.2372,1
"8","26B.1.4",32,33,98.9084644004019,"No",909.0273,13.3691,3.2372,"26B.1.4",906.158302785668,906.158302785668,906.918977241688,0.760674456020865,0.109151418793319,3.15361276480925,0.110631296952811,98.9926188020304,909.0273,13.3691,3.2372,1
"9","26B.1.4",32,33,92.6084217155652,"No",909.0273,13.3691,3.2372,"26B.1.4",906.158302785668,906.158302785668,906.918977241688,0.760674456020865,0.102198944081705,3.10214876443746,0.108825898023988,92.6912027963456,909.0273,13.3691,3.2372,1
"10","26B.10.4",32,33,63.5167478767808,"No",1028.765,14.221,7.089,"26B.10.4",951.297625062502,951.297625062502,960.816521303471,9.51889624096839,0.0667685340564239,2.8230727073926,0.070257135577625,64.1855182605319,1028.765,14.221,7.089,1
"11","26B.10.4",32,33,66.7121661244459,"No",1028.765,14.221,7.089,"26B.10.4",951.297625062502,951.297625062502,960.816521303471,9.51889624096839,0.0701275440691474,2.85792784993211,0.0711245671774427,67.3891934995918,1028.765,14.221,7.089,1
"12","26B.10.4",32,33,63.5167478767808,"No",1028.765,14.221,7.089,"26B.10.4",951.297625062502,951.297625062502,960.816521303471,9.51889624096839,0.0667685340564239,2.8230727073926,0.070257135577625,64.1855182605319,1028.765,14.221,7.089,1
"13","26B.10.4",32,33,71.9255970697509,"No",1028.765,14.221,7.089,"26B.10.4",951.297625062502,951.297625062502,960.816521303471,9.51889624096839,0.0756078804096932,2.91219779656267,0.07247517036532,72.6154806965048,1028.765,14.221,7.089,1
"14","26B.10.4",32,33,71.9255970697509,"No",1028.765,14.221,7.089,"26B.10.4",951.297625062502,951.297625062502,960.816521303471,9.51889624096839,0.0756078804096932,2.91219779656267,0.07247517036532,72.6154806965048,1028.765,14.221,7.089,1
"15","26B.10.4",32,33,71.9255970697509,"No",1028.765,14.221,7.089,"26B.10.4",951.297625062502,951.297625062502,960.816521303471,9.51889624096839,0.0756078804096932,2.91219779656267,0.07247517036532,72.6154806965048,1028.765,14.221,7.089,1
"16","26B.10.4",32,33,69.4537297821527,"No",1028.765,14.221,7.089,"26B.10.4",951.297625062502,951.297625062502,960.816521303471,9.51889624096839,0.0730094640755457,2.88684783717017,0.0718442919861475,70.1376081430747,1028.765,14.221,7.089,1
"17","26B.10.4",32,33,71.9255970697509,"No",1028.765,14.221,7.089,"26B.10.4",951.297625062502,951.297625062502,960.816521303471,9.51889624096839,0.0756078804096932,2.91219779656267,0.07247517036532,72.6154806965048,1028.765,14.221,7.089,1
"18","26B.10.4",32,33,59.3338744880557,"No",1028.765,14.221,7.089,"26B.10.4",951.297625062502,951.297625062502,960.816521303471,9.51889624096839,0.0623715154173305,2.77540059556517,0.0690707311271973,59.9913516109434,1028.765,14.221,7.089,1
"19","26B.10.4",32,33,71.9255970697509,"No",1028.765,14.221,7.089,"26B.10.4",951.297625062502,951.297625062502,960.816521303471,9.51889624096839,0.0756078804096932,2.91219779656267,0.07247517036532,72.6154806965048,1028.765,14.221,7.089,1
"20","26B.10.4",32,33,69.4537297821527,"No",1028.765,14.221,7.089,"26B.10.4",951.297625062502,951.297625062502,960.816521303471,9.51889624096839,0.0730094640755457,2.88684783717017,0.0718442919861475,70.1376081430747,1028.765,14.221,7.089,1
"21","26B.10.4",32,33,69.4537297821527,"No",1028.765,14.221,7.089,"26B.10.4",951.297625062502,951.297625062502,960.816521303471,9.51889624096839,0.0730094640755457,2.88684783717017,0.0718442919861475,70.1376081430747,1028.765,14.221,7.089,1
"22","26B.10.4",32,33,66.7121661244459,"No",1028.765,14.221,7.089,"26B.10.4",951.297625062502,951.297625062502,960.816521303471,9.51889624096839,0.0701275440691474,2.85792784993211,0.0711245671774427,67.3891934995918,1028.765,14.221,7.089,1
"23","26B.10.4",32,33,63.5167478767808,"No",1028.765,14.221,7.089,"26B.10.4",951.297625062502,951.297625062502,960.816521303471,9.51889624096839,0.0667685340564239,2.8230727073926,0.070257135577625,64.1855182605319,1028.765,14.221,7.089,1
"24","26B.11.4",32,33,50.4663941367256,"No",1439.063,16.83,9.348,"26B.11.4",1201.87935345407,1201.87935345407,1222.31781292416,20.4384594700848,0.0419895674151409,2.66532742978879,0.0417766779843807,51.3202450765042,1439.063,16.83,9.348,1
"25","26B.11.4",32,33,45.4393953011956,"No",1439.063,16.83,9.348,"26B.11.4",1201.87935345407,1201.87935345407,1222.31781292416,20.4384594700848,0.0378069522291133,2.59631950374973,0.0406950390561638,46.2711392075785,1439.063,16.83,9.348,1
"26","26B.11.4",32,33,60.0986024261189,"No",1439.063,16.83,9.348,"26B.11.4",1201.87935345407,1201.87935345407,1222.31781292416,20.4384594700848,0.0500038562551242,2.78430042180783,0.043641475652715,60.9905669574617,1439.063,16.83,9.348,1
"27","26B.11.4",32,33,45.4393953011956,"No",1439.063,16.83,9.348,"26B.11.4",1201.87935345407,1201.87935345407,1222.31781292416,20.4384594700848,0.0378069522291133,2.59631950374973,0.0406950390561638,46.2711392075785,1439.063,16.83,9.348,1
"28","26B.11.4",32,33,58.3366486083104,"No",1439.063,16.83,9.348,"26B.11.4",1201.87935345407,1201.87935345407,1222.31781292416,20.4384594700848,0.0485378573487074,2.7636648115988,0.0433180304980676,59.2220024189691,1439.063,16.83,9.348,1
"29","26B.11.4",32,33,50.4663941367256,"No",1439.063,16.83,9.348,"26B.11.4",1201.87935345407,1201.87935345407,1222.31781292416,20.4384594700848,0.0419895674151409,2.66532742978879,0.0417766779843807,51.3202450765042,1439.063,16.83,9.348,1
"30","26B.11.4",32,33,48.1224894621306,"No",1439.063,16.83,9.348,"26B.11.4",1201.87935345407,1201.87935345407,1222.31781292416,20.4384594700848,0.0400393677816595,2.6338256421765,0.0412829149959003,48.9662486470813,1439.063,16.83,9.348,1
"31","26B.11.4",32,33,54.6103295778644,"No",1439.063,16.83,9.348,"26B.11.4",1201.87935345407,1201.87935345407,1222.31781292416,20.4384594700848,0.0454374471288821,2.71843341173557,0.0426090678371392,55.4811932839118,1439.063,16.83,9.348,1
"32","26B.11.4",32,33,54.6103295778644,"No",1439.063,16.83,9.348,"26B.11.4",1201.87935345407,1201.87935345407,1222.31781292416,20.4384594700848,0.0454374471288821,2.71843341173557,0.0426090678371392,55.4811932839118,1439.063,16.83,9.348,1
"33","26B.11.4",32,33,50.4663941367256,"No",1439.063,16.83,9.348,"26B.11.4",1201.87935345407,1201.87935345407,1222.31781292416,20.4384594700848,0.0419895674151409,2.66532742978879,0.0417766779843807,51.3202450765042,1439.063,16.83,9.348,1
"34","26B.11.4",32,33,50.4663941367256,"No",1439.063,16.83,9.348,"26B.11.4",1201.87935345407,1201.87935345407,1222.31781292416,20.4384594700848,0.0419895674151409,2.66532742978879,0.0417766779843807,51.3202450765042,1439.063,16.83,9.348,1
"35","26B.11.4",32,33,42.0248547698191,"No",1439.063,16.83,9.348,"26B.11.4",1201.87935345407,1201.87935345407,1222.31781292416,20.4384594700848,0.0349659511572807,2.54610643962837,0.0399079931619288,42.8405126705916,1439.063,16.83,9.348,1
"36","26B.11.4",32,33,50.4663941367256,"No",1439.063,16.83,9.348,"26B.11.4",1201.87935345407,1201.87935345407,1222.31781292416,20.4384594700848,0.0419895674151409,2.66532742978879,0.0417766779843807,51.3202450765042,1439.063,16.83,9.348,1
"37","26B.11.4",32,33,50.4663941367256,"No",1439.063,16.83,9.348,"26B.11.4",1201.87935345407,1201.87935345407,1222.31781292416,20.4384594700848,0.0419895674151409,2.66532742978879,0.0417766779843807,51.3202450765042,1439.063,16.83,9.348,1
"38","26B.11.4",32,33,56.5124153101385,"No",1439.063,16.83,9.348,"26B.11.4",1201.87935345407,1201.87935345407,1222.31781292416,20.4384594700848,0.047020040029582,2.74180123239612,0.0429753380026812,57.3907650141195,1439.063,16.83,9.348,1
"39","26B.11.4",32,33,48.1224894621306,"No",1439.063,16.83,9.348,"26B.11.4",1201.87935345407,1201.87935345407,1222.31781292416,20.4384594700848,0.0400393677816595,2.6338256421765,0.0412829149959003,48.9662486470813,1439.063,16.83,9.348,1
"40","26B.11.4",32,33,50.4663941367256,"No",1439.063,16.83,9.348,"26B.11.4",1201.87935345407,1201.87935345407,1222.31781292416,20.4384594700848,0.0419895674151409,2.66532742978879,0.0417766779843807,51.3202450765042,1439.063,16.83,9.348,1
"41","26B.11.4",32,33,45.4393953011956,"No",1439.063,16.83,9.348,"26B.11.4",1201.87935345407,1201.87935345407,1222.31781292416,20.4384594700848,0.0378069522291133,2.59631950374973,0.0406950390561638,46.2711392075785,1439.063,16.83,9.348,1
"42","26B.11.4",32,33,45.4393953011956,"No",1439.063,16.83,9.348,"26B.11.4",1201.87935345407,1201.87935345407,1222.31781292416,20.4384594700848,0.0378069522291133,2.59631950374973,0.0406950390561638,46.2711392075785,1439.063,16.83,9.348,1
"43","26B.11.4",32,33,45.4393953011956,"No",1439.063,16.83,9.348,"26B.11.4",1201.87935345407,1201.87935345407,1222.31781292416,20.4384594700848,0.0378069522291133,2.59631950374973,0.0406950390561638,46.2711392075785,1439.063,16.83,9.348,1
"44","26B.11.4",32,33,50.4663941367256,"No",1439.063,16.83,9.348,"26B.11.4",1201.87935345407,1201.87935345407,1222.31781292416,20.4384594700848,0.0419895674151409,2.66532742978879,0.0417766779843807,51.3202450765042,1439.063,16.83,9.348,1
"45","26B.11.4",32,33,45.4393953011956,"No",1439.063,16.83,9.348,"26B.11.4",1201.87935345407,1201.87935345407,1222.31781292416,20.4384594700848,0.0378069522291133,2.59631950374973,0.0406950390561638,46.2711392075785,1439.063,16.83,9.348,1
"46","26B.11.4",32,33,52.6072752219896,"No",1439.063,16.83,9.348,"26B.11.4",1201.87935345407,1201.87935345407,1222.31781292416,20.4384594700848,0.0437708452772752,2.6931556377249,0.0422128608221197,53.4700410670188,1439.063,16.83,9.348,1
"47","26B.11.4",32,33,50.4663941367256,"No",1439.063,16.83,9.348,"26B.11.4",1201.87935345407,1201.87935345407,1222.31781292416,20.4384594700848,0.0419895674151409,2.66532742978879,0.0417766779843807,51.3202450765042,1439.063,16.83,9.348,1
"48","26B.12.4",32,33,168.569074553662,"No",1504.436,14.75,4.604,"26B.12.4",1469.75781038955,1469.75781038955,1476.40197605435,6.64416566479576,0.114691735850673,3.60325066648458,0.112013437949338,169.313310392081,1504.436,14.75,4.604,1
"49","26B.12.4",32,33,168.569074553662,"No",1504.436,14.75,4.604,"26B.12.4",1469.75781038955,1469.75781038955,1476.40197605435,6.64416566479576,0.114691735850673,3.60325066648458,0.112013437949338,169.313310392081,1504.436,14.75,4.604,1
"50","26B.12.4",32,33,168.569074553662,"No",1504.436,14.75,4.604,"26B.12.4",1469.75781038955,1469.75781038955,1476.40197605435,6.64416566479576,0.114691735850673,3.60325066648458,0.112013437949338,169.313310392081,1504.436,14.75,4.604,1
"51","26B.12.4",32,33,165.32182642459,"No",1504.436,14.75,4.604,"26B.12.4",1469.75781038955,1469.75781038955,1476.40197605435,6.64416566479576,0.112482359512532,3.58577098443304,0.111470051029558,166.062451910293,1504.436,14.75,4.604,1
"52","26B.12.4",32,33,151.580399894109,"No",1504.436,14.75,4.604,"26B.12.4",1469.75781038955,1469.75781038955,1476.40197605435,6.64416566479576,0.103132909941083,3.50881735266106,0.109077810895492,152.305130940052,1504.436,14.75,4.604,1
"53","26B.12.4",32,33,165.32182642459,"No",1504.436,14.75,4.604,"26B.12.4",1469.75781038955,1469.75781038955,1476.40197605435,6.64416566479576,0.112482359512532,3.58577098443304,0.111470051029558,166.062451910293,1504.436,14.75,4.604,1
"54","26B.12.4",32,33,151.580399894109,"No",1504.436,14.75,4.604,"26B.12.4",1469.75781038955,1469.75781038955,1476.40197605435,6.64416566479576,0.103132909941083,3.50881735266106,0.109077810895492,152.305130940052,1504.436,14.75,4.604,1
"55","26B.12.4",32,33,161.677059537506,"No",1504.436,14.75,4.604,"26B.12.4",1469.75781038955,1469.75781038955,1476.40197605435,6.64416566479576,0.110002517690078,3.56584203704322,0.110850524352548,162.413568785334,1504.436,14.75,4.604,1
"56","26B.12.4",32,33,168.569074553662,"No",1504.436,14.75,4.604,"26B.12.4",1469.75781038955,1469.75781038955,1476.40197605435,6.64416566479576,0.114691735850673,3.60325066648458,0.112013437949338,169.313310392081,1504.436,14.75,4.604,1
"57","26B.2.4",32,33,267.631052195745,"No",1094.558,19.053,3.419,"26B.2.4",1070.29601366037,1070.29601366037,1076.34629387471,6.05028021434055,0.25005330187156,4.0446796073046,0.250014944623544,269.14371266849,1094.558,19.053,3.419,1
"58","26B.2.4",32,33,267.631052195745,"No",1094.558,19.053,3.419,"26B.2.4",1070.29601366037,1070.29601366037,1076.34629387471,6.05028021434055,0.25005330187156,4.0446796073046,0.250014944623544,269.14371266849,1094.558,19.053,3.419,1
"59","26B.2.4",32,33,270.661381543546,"No",1094.558,19.053,3.419,"26B.2.4",1070.29601366037,1070.29601366037,1076.34629387471,6.05028021434055,0.252884602099838,4.05608057306837,0.250719675801494,272.178305837394,1094.558,19.053,3.419,1
"60","26B.2.4",32,33,264.372527725337,"No",1094.558,19.053,3.419,"26B.2.4",1070.29601366037,1070.29601366037,1076.34629387471,6.05028021434055,0.247008794157041,4.0323115599261,0.249250434951418,265.880562700339,1094.558,19.053,3.419,1
"61","26B.3.4",32,33,73.9924111114665,"No",1539.66,19.03,11.45,"26B.3.4",1164.51606098449,1164.51606098449,1188.73902783995,24.2229668554596,0.0635391933099772,2.9328968888365,0.0463794579686001,75.1158591846141,1539.66,19.03,11.45,1
"62","26B.3.4",32,33,40.8426628692462,"No",1539.66,19.03,11.45,"26B.3.4",1164.51606098449,1164.51606098449,1188.73902783995,24.2229668554596,0.0350726488346735,2.52800839835323,0.0399767409832825,41.8110181410735,1539.66,19.03,11.45,1
"63","26B.3.4",32,33,44.4642707112422,"No",1539.66,19.03,11.45,"26B.3.4",1164.51606098449,1164.51606098449,1188.73902783995,24.2229668554596,0.0381826169693632,2.58227679981881,0.0408349160709837,45.4534135297752,1539.66,19.03,11.45,1
"64","26B.3.4",32,33,40.8426628692462,"No",1539.66,19.03,11.45,"26B.3.4",1164.51606098449,1164.51606098449,1188.73902783995,24.2229668554596,0.0350726488346735,2.52800839835323,0.0399767409832825,41.8110181410735,1539.66,19.03,11.45,1
"65","26B.3.4",32,33,51.9109646980547,"No",1539.66,19.03,11.45,"26B.3.4",1164.51606098449,1164.51606098449,1188.73902783995,24.2229668554596,0.0445772853095465,2.68419939994082,0.0424466723404938,52.939149035283,1539.66,19.03,11.45,1
"66","26B.3.4",32,33,40.8426628692462,"No",1539.66,19.03,11.45,"26B.3.4",1164.51606098449,1164.51606098449,1188.73902783995,24.2229668554596,0.0350726488346735,2.52800839835323,0.0399767409832825,41.8110181410735,1539.66,19.03,11.45,1
"67","26B.3.4",32,33,49.7028717350506,"No",1539.66,19.03,11.45,"26B.3.4",1164.51606098449,1164.51606098449,1188.73902783995,24.2229668554596,0.0426811388870254,2.65518857412024,0.0419879087263002,50.7199434564579,1539.66,19.03,11.45,1
"68","26B.3.4",32,33,40.8426628692462,"No",1539.66,19.03,11.45,"26B.3.4",1164.51606098449,1164.51606098449,1188.73902783995,24.2229668554596,0.0350726488346735,2.52800839835323,0.0399767409832825,41.8110181410735,1539.66,19.03,11.45,1
"69","26B.3.4",32,33,40.8426628692462,"No",1539.66,19.03,11.45,"26B.3.4",1164.51606098449,1164.51606098449,1188.73902783995,24.2229668554596,0.0350726488346735,2.52800839835323,0.0399767409832825,41.8110181410735,1539.66,19.03,11.45,1
"70","26B.3.4",32,33,51.9109646980547,"No",1539.66,19.03,11.45,"26B.3.4",1164.51606098449,1164.51606098449,1188.73902783995,24.2229668554596,0.0445772853095465,2.68419939994082,0.0424466723404938,52.939149035283,1539.66,19.03,11.45,1
"71","26B.3.4",32,33,49.7028717350506,"No",1539.66,19.03,11.45,"26B.3.4",1164.51606098449,1164.51606098449,1188.73902783995,24.2229668554596,0.0426811388870254,2.65518857412024,0.0419879087263002,50.7199434564579,1539.66,19.03,11.45,1
"72","26B.3.4",32,33,49.7028717350506,"No",1539.66,19.03,11.45,"26B.3.4",1164.51606098449,1164.51606098449,1188.73902783995,24.2229668554596,0.0426811388870254,2.65518857412024,0.0419879087263002,50.7199434564579,1539.66,19.03,11.45,1
"73","26B.3.4",32,33,49.7028717350506,"No",1539.66,19.03,11.45,"26B.3.4",1164.51606098449,1164.51606098449,1188.73902783995,24.2229668554596,0.0426811388870254,2.65518857412024,0.0419879087263002,50.7199434564579,1539.66,19.03,11.45,1
"74","26B.3.4",32,33,47.2712930850874,"No",1539.66,19.03,11.45,"26B.3.4",1164.51606098449,1164.51606098449,1188.73902783995,24.2229668554596,0.0405930795365106,2.62210072499366,0.041464672974754,48.2756904842273,1539.66,19.03,11.45,1
"75","26B.3.4",32,33,51.9109646980547,"No",1539.66,19.03,11.45,"26B.3.4",1164.51606098449,1164.51606098449,1188.73902783995,24.2229668554596,0.0445772853095465,2.68419939994082,0.0424466723404938,52.939149035283,1539.66,19.03,11.45,1
"76","26B.3.4",32,33,49.7028717350506,"No",1539.66,19.03,11.45,"26B.3.4",1164.51606098449,1164.51606098449,1188.73902783995,24.2229668554596,0.0426811388870254,2.65518857412024,0.0419879087263002,50.7199434564579,1539.66,19.03,11.45,1
"77","26B.3.4",32,33,44.4642707112422,"No",1539.66,19.03,11.45,"26B.3.4",1164.51606098449,1164.51606098449,1188.73902783995,24.2229668554596,0.0381826169693632,2.58227679981881,0.0408349160709837,45.4534135297752,1539.66,19.03,11.45,1
"78","26B.3.4",32,33,49.7028717350506,"No",1539.66,19.03,11.45,"26B.3.4",1164.51606098449,1164.51606098449,1188.73902783995,24.2229668554596,0.0426811388870254,2.65518857412024,0.0419879087263002,50.7199434564579,1539.66,19.03,11.45,1
"79","26B.3.4",32,33,55.9151269241092,"No",1539.66,19.03,11.45,"26B.3.4",1164.51606098449,1164.51606098449,1188.73902783995,24.2229668554596,0.0480157627683025,2.73452771102076,0.0432425406839216,56.9625895538417,1539.66,19.03,11.45,1
"80","26B.3.4",32,33,49.7028717350506,"No",1539.66,19.03,11.45,"26B.3.4",1164.51606098449,1164.51606098449,1188.73902783995,24.2229668554596,0.0426811388870254,2.65518857412024,0.0419879087263002,50.7199434564579,1539.66,19.03,11.45,1
"81","26B.3.4",32,33,51.9109646980547,"No",1539.66,19.03,11.45,"26B.3.4",1164.51606098449,1164.51606098449,1188.73902783995,24.2229668554596,0.0445772853095465,2.68419939994082,0.0424466723404938,52.939149035283,1539.66,19.03,11.45,1
"82","26B.3.4",32,33,44.4642707112422,"No",1539.66,19.03,11.45,"26B.3.4",1164.51606098449,1164.51606098449,1188.73902783995,24.2229668554596,0.0381826169693632,2.58227679981881,0.0408349160709837,45.4534135297752,1539.66,19.03,11.45,1
"83","26B.3.4",32,33,49.7028717350506,"No",1539.66,19.03,11.45,"26B.3.4",1164.51606098449,1164.51606098449,1188.73902783995,24.2229668554596,0.0426811388870254,2.65518857412024,0.0419879087263002,50.7199434564579,1539.66,19.03,11.45,1
"84","26B.3.4",32,33,44.4642707112422,"No",1539.66,19.03,11.45,"26B.3.4",1164.51606098449,1164.51606098449,1188.73902783995,24.2229668554596,0.0381826169693632,2.58227679981881,0.0408349160709837,45.4534135297752,1539.66,19.03,11.45,1
"85","26B.4.4",32,33,134.614386508847,"No",1649.232,17.868,7.682,"26B.4.4",1423.12948732593,1423.12948732593,1447.34881695281,24.2193296268833,0.0945903993330844,3.4062213682091,0.0860411188790891,136.698244728446,1649.232,17.868,7.682,1
"86","26B.4.4",32,33,122.809936813898,"No",1649.232,17.868,7.682,"26B.4.4",1423.12948732593,1423.12948732593,1447.34881695281,24.2193296268833,0.0862956870106453,3.32895846827735,0.0840894587726684,124.84652713406,1649.232,17.868,7.682,1
"87","26B.4.4",32,33,104.159115547187,"No",1649.232,17.868,7.682,"26B.4.4",1423.12948732593,1423.12948732593,1447.34881695281,24.2193296268833,0.0731901885772198,3.19465762282877,0.0806970207131073,106.113543291745,1649.232,17.868,7.682,1
"88","26B.4.4",32,33,117.010633976041,"No",1649.232,17.868,7.682,"26B.4.4",1423.12948732593,1423.12948732593,1447.34881695281,24.2193296268833,0.0822206517524313,3.28894289566415,0.0830786657947482,119.022743567886,1649.232,17.868,7.682,1
"89","26B.4.4",32,33,113.610722062932,"No",1649.232,17.868,7.682,"26B.4.4",1423.12948732593,1423.12948732593,1447.34881695281,24.2193296268833,0.0798316127061686,3.26478683125341,0.082468483840923,115.608053456904,1649.232,17.868,7.682,1
"90","26B.4.4",32,33,117.010633976041,"No",1649.232,17.868,7.682,"26B.4.4",1423.12948732593,1423.12948732593,1447.34881695281,24.2193296268833,0.0822206517524313,3.28894289566415,0.0830786657947482,119.022743567886,1649.232,17.868,7.682,1
"91","26B.4.4",32,33,122.809936813898,"No",1649.232,17.868,7.682,"26B.4.4",1423.12948732593,1423.12948732593,1447.34881695281,24.2193296268833,0.0862956870106453,3.32895846827735,0.0840894587726684,124.84652713406,1649.232,17.868,7.682,1
"92","26B.4.4",32,33,117.010633976041,"No",1649.232,17.868,7.682,"26B.4.4",1423.12948732593,1423.12948732593,1447.34881695281,24.2193296268833,0.0822206517524313,3.28894289566415,0.0830786657947482,119.022743567886,1649.232,17.868,7.682,1
"93","26B.4.4",32,33,117.010633976041,"No",1649.232,17.868,7.682,"26B.4.4",1423.12948732593,1423.12948732593,1447.34881695281,24.2193296268833,0.0822206517524313,3.28894289566415,0.0830786657947482,119.022743567886,1649.232,17.868,7.682,1
"94","26B.4.4",32,33,120.03610984948,"No",1649.232,17.868,7.682,"26B.4.4",1423.12948732593,1423.12948732593,1447.34881695281,24.2193296268833,0.08434658330004,3.30999988032077,0.0836105650239014,122.061101684083,1649.232,17.868,7.682,1
"95","26B.4.4",32,33,120.03610984948,"No",1649.232,17.868,7.682,"26B.4.4",1423.12948732593,1423.12948732593,1447.34881695281,24.2193296268833,0.08434658330004,3.30999988032077,0.0836105650239014,122.061101684083,1649.232,17.868,7.682,1
"96","26B.4.4",32,33,117.010633976041,"No",1649.232,17.868,7.682,"26B.4.4",1423.12948732593,1423.12948732593,1447.34881695281,24.2193296268833,0.0822206517524313,3.28894289566415,0.0830786657947482,119.022743567886,1649.232,17.868,7.682,1
"97","26B.5.4",32,33,90.3083756132737,"No",1156.496,15.305,4.494,"26B.5.4",1128.99748332839,1128.99748332839,1134.37852457256,5.38104124416964,0.0799898821271381,3.08270528984458,0.0776972446142472,90.7264676911013,1156.496,15.305,4.494,1
"98","26B.5.4",32,33,92.6671559995419,"No",1156.496,15.305,4.494,"26B.5.4",1128.99748332839,1128.99748332839,1134.37852457256,5.38104124416964,0.0820791519626334,3.10264051012678,0.0781996966948297,93.0879517927384,1156.496,15.305,4.494,1
"99","26B.5.4",32,33,81.2477310297908,"No",1156.496,15.305,4.494,"26B.5.4",1128.99748332839,1128.99748332839,1134.37852457256,5.38104124416964,0.0719644925959132,3.00229117974244,0.0756704680671586,81.6549169394258,1156.496,15.305,4.494,1
"100","26B.5.4",32,33,90.3083756132737,"No",1156.496,15.305,4.494,"26B.5.4",1128.99748332839,1128.99748332839,1134.37852457256,5.38104124416964,0.0799898821271381,3.08270528984458,0.0776972446142472,90.7264676911013,1156.496,15.305,4.494,1
"101","26B.5.4",32,33,84.8469763408018,"No",1156.496,15.305,4.494,"26B.5.4",1128.99748332839,1128.99748332839,1134.37852457256,5.38104124416964,0.0751524937776342,3.03500277524501,0.0764949389777766,85.2585987624115,1156.496,15.305,4.494,1
"102","26B.5.4",32,33,81.2477310297908,"No",1156.496,15.305,4.494,"26B.5.4",1128.99748332839,1128.99748332839,1134.37852457256,5.38104124416964,0.0719644925959132,3.00229117974244,0.0756704680671586,81.6549169394258,1156.496,15.305,4.494,1
"103","26B.5.4",32,33,92.6671559995419,"No",1156.496,15.305,4.494,"26B.5.4",1128.99748332839,1128.99748332839,1134.37852457256,5.38104124416964,0.0820791519626334,3.10264051012678,0.0781996966948297,93.0879517927384,1156.496,15.305,4.494,1
"104","26B.5.4",32,33,81.2477310297908,"No",1156.496,15.305,4.494,"26B.5.4",1128.99748332839,1128.99748332839,1134.37852457256,5.38104124416964,0.0719644925959132,3.00229117974244,0.0756704680671586,81.6549169394258,1156.496,15.305,4.494,1
"105","26B.5.4",32,33,90.3083756132737,"No",1156.496,15.305,4.494,"26B.5.4",1128.99748332839,1128.99748332839,1134.37852457256,5.38104124416964,0.0799898821271381,3.08270528984458,0.0776972446142472,90.7264676911013,1156.496,15.305,4.494,1
"106","26B.5.4",32,33,87.7447920754477,"No",1156.496,15.305,4.494,"26B.5.4",1128.99748332839,1128.99748332839,1134.37852457256,5.38104124416964,0.0777192096272594,3.06059128519721,0.0771398779291645,88.1598849401547,1156.496,15.305,4.494,1
"107","26B.5.4",32,33,84.8469763408018,"No",1156.496,15.305,4.494,"26B.5.4",1128.99748332839,1128.99748332839,1134.37852457256,5.38104124416964,0.0751524937776342,3.03500277524501,0.0764949389777766,85.2585987624115,1156.496,15.305,4.494,1
"108","26B.5.4",32,33,81.2477310297908,"No",1156.496,15.305,4.494,"26B.5.4",1128.99748332839,1128.99748332839,1134.37852457256,5.38104124416964,0.0719644925959132,3.00229117974244,0.0756704680671586,81.6549169394258,1156.496,15.305,4.494,1
"109","26B.5.4",32,33,90.3083756132737,"No",1156.496,15.305,4.494,"26B.5.4",1128.99748332839,1128.99748332839,1134.37852457256,5.38104124416964,0.0799898821271381,3.08270528984458,0.0776972446142472,90.7264676911013,1156.496,15.305,4.494,1
"110","26B.6.4",32,33,62.4484391015516,"No",718.131,11.173,4.064,"26B.6.4",713.88503974101,713.88503974101,714.806911427025,0.921871686015493,0.0874768844073371,2.81112654998623,0.0843661076693454,62.5262138274713,718.131,11.173,4.064,1
"111","26B.6.4",32,33,60.4608484614681,"No",718.131,11.173,4.064,"26B.6.4",713.88503974101,713.88503974101,714.806911427025,0.921871686015493,0.0846926957362808,2.78848658406922,0.083686648467413,60.5379968131877,718.131,11.173,4.064,1
"112","26B.6.4",32,33,58.3510038411771,"No",718.131,11.173,4.064,"26B.6.4",713.88503974101,713.88503974101,714.806911427025,0.921871686015493,0.0817372554302948,2.76383481361486,0.0829468120056206,58.4274701586103,718.131,11.173,4.064,1
"113","26B.6.4",32,33,66.1710897051924,"No",718.131,11.173,4.064,"26B.6.4",713.88503974101,713.88503974101,714.806911427025,0.921871686015493,0.0926915203730822,2.85211525588877,0.085596239971791,66.2499984552518,718.131,11.173,4.064,1
"114","26B.6.4",32,33,60.4608484614681,"No",718.131,11.173,4.064,"26B.6.4",713.88503974101,713.88503974101,714.806911427025,0.921871686015493,0.0846926957362808,2.78848658406922,0.083686648467413,60.5379968131877,718.131,11.173,4.064,1
"115","26B.6.4",32,33,58.3510038411771,"No",718.131,11.173,4.064,"26B.6.4",713.88503974101,713.88503974101,714.806911427025,0.921871686015493,0.0817372554302948,2.76383481361486,0.0829468120056206,58.4274701586103,718.131,11.173,4.064,1
"116","26B.6.4",32,33,58.3510038411771,"No",718.131,11.173,4.064,"26B.6.4",713.88503974101,713.88503974101,714.806911427025,0.921871686015493,0.0817372554302948,2.76383481361486,0.0829468120056206,58.4274701586103,718.131,11.173,4.064,1
"117","26B.6.4",32,33,58.3510038411771,"No",718.131,11.173,4.064,"26B.6.4",713.88503974101,713.88503974101,714.806911427025,0.921871686015493,0.0817372554302948,2.76383481361486,0.0829468120056206,58.4274701586103,718.131,11.173,4.064,1
"118","26B.6.4",32,33,56.0639731719881,"No",718.131,11.173,4.064,"26B.6.4",713.88503974101,713.88503974101,714.806911427025,0.921871686015493,0.0785336154296321,2.73634572758117,0.0821218234642609,56.1396789558437,718.131,11.173,4.064,1
"119","26B.6.4",32,33,60.4608484614681,"No",718.131,11.173,4.064,"26B.6.4",713.88503974101,713.88503974101,714.806911427025,0.921871686015493,0.0846926957362808,2.78848658406922,0.083686648467413,60.5379968131877,718.131,11.173,4.064,1
"120","26B.6.4",32,33,58.3510038411771,"No",718.131,11.173,4.064,"26B.6.4",713.88503974101,713.88503974101,714.806911427025,0.921871686015493,0.0817372554302948,2.76383481361486,0.0829468120056206,58.4274701586103,718.131,11.173,4.064,1
"121","26B.6.4",32,33,56.0639731719881,"No",718.131,11.173,4.064,"26B.6.4",713.88503974101,713.88503974101,714.806911427025,0.921871686015493,0.0785336154296321,2.73634572758117,0.0821218234642609,56.1396789558437,718.131,11.173,4.064,1
"122","26B.7.4",32,33,171.980032932163,"No",4784.066,38.553,12.132,"26B.7.4",1761.27591740626,1761.27591740626,1853.95951670913,92.6835993028674,0.0976451396584298,3.62134171118737,0.0994096925819387,181.193681046249,4784.066,38.553,12.132,1
"123","26B.7.4",32,33,180.130974029986,"No",4784.066,38.553,12.132,"26B.7.4",1761.27591740626,1761.27591740626,1853.95951670913,92.6835993028674,0.102273001208837,3.66350762129843,0.100567191789658,189.451903336833,4784.066,38.553,12.132,1
"124","26B.7.4",32,33,183.573742465106,"No",4784.066,38.553,12.132,"26B.7.4",1761.27591740626,1761.27591740626,1853.95951670913,92.6835993028674,0.104227702571125,3.68088831599047,0.101044310397619,192.938892841833,4784.066,38.553,12.132,1
"125","26B.7.4",32,33,176.326220422936,"No",4784.066,38.553,12.132,"26B.7.4",1761.27591740626,1761.27591740626,1853.95951670913,92.6835993028674,0.10011277544895,3.64400718499084,0.100031884013381,185.597535478343,4784.066,38.553,12.132,1
"126","26B.7.4",32,33,176.326220422936,"No",4784.066,38.553,12.132,"26B.7.4",1761.27591740626,1761.27591740626,1853.95951670913,92.6835993028674,0.10011277544895,3.64400718499084,0.100031884013381,185.597535478343,4784.066,38.553,12.132,1
"127","26B.7.4",32,33,176.326220422936,"No",4784.066,38.553,12.132,"26B.7.4",1761.27591740626,1761.27591740626,1853.95951670913,92.6835993028674,0.10011277544895,3.64400718499084,0.100031884013381,185.597535478343,4784.066,38.553,12.132,1
"128","26B.7.4",32,33,176.326220422936,"No",4784.066,38.553,12.132,"26B.7.4",1761.27591740626,1761.27591740626,1853.95951670913,92.6835993028674,0.10011277544895,3.64400718499084,0.100031884013381,185.597535478343,4784.066,38.553,12.132,1
"129","26B.7.4",32,33,176.326220422936,"No",4784.066,38.553,12.132,"26B.7.4",1761.27591740626,1761.27591740626,1853.95951670913,92.6835993028674,0.10011277544895,3.64400718499084,0.100031884013381,185.597535478343,4784.066,38.553,12.132,1
"130","26B.7.4",32,33,171.980032932163,"No",4784.066,38.553,12.132,"26B.7.4",1761.27591740626,1761.27591740626,1853.95951670913,92.6835993028674,0.0976451396584298,3.62134171118737,0.0994096925819387,181.193681046249,4784.066,38.553,12.132,1
"131","26B.7.4",32,33,171.980032932163,"No",4784.066,38.553,12.132,"26B.7.4",1761.27591740626,1761.27591740626,1853.95951670913,92.6835993028674,0.0976451396584298,3.62134171118737,0.0994096925819387,181.193681046249,4784.066,38.553,12.132,1
"132","26B.8.4",32,33,113.08237980338,"No",1082.182,17.133,3.591,"26B.8.4",1065.22185854058,1065.22185854058,1069.29513478921,4.07327624863137,0.106158523594615,3.26098450269096,0.109860387631951,113.529871510987,1082.182,17.133,3.591,1
"133","26B.8.4",32,33,123.235044602095,"No",1082.182,17.133,3.591,"26B.8.4",1065.22185854058,1065.22185854058,1069.29513478921,4.07327624863137,0.115689556700361,3.33183554184581,0.112247311770737,123.692258911103,1082.182,17.133,3.591,1
"134","26B.8.4",32,33,120.943738500732,"No",1082.182,17.133,3.591,"26B.8.4",1065.22185854058,1065.22185854058,1069.29513478921,4.07327624863137,0.113538543666793,3.31623918947091,0.111721881086802,121.398812585415,1082.182,17.133,3.591,1
"135","26B.8.4",32,33,120.943738500732,"No",1082.182,17.133,3.591,"26B.8.4",1065.22185854058,1065.22185854058,1069.29513478921,4.07327624863137,0.113538543666793,3.31623918947091,0.111721881086802,121.398812585415,1082.182,17.133,3.591,1
"136","26B.8.4",32,33,113.08237980338,"No",1082.182,17.133,3.591,"26B.8.4",1065.22185854058,1065.22185854058,1069.29513478921,4.07327624863137,0.106158523594615,3.26098450269096,0.109860387631951,113.529871510987,1082.182,17.133,3.591,1
"137","26B.8.4",32,33,115.936996290709,"No",1082.182,17.133,3.591,"26B.8.4",1065.22185854058,1065.22185854058,1069.29513478921,4.07327624863137,0.108838356405444,3.28137232621272,0.110547239775292,116.387285736837,1082.182,17.133,3.591,1
"138","26B.8.4",32,33,118.526921269411,"No",1082.182,17.133,3.591,"26B.8.4",1065.22185854058,1065.22185854058,1069.29513478921,4.07327624863137,0.111269704352294,3.29954648295393,0.111159514964832,118.979704681527,1082.182,17.133,3.591,1
"139","26B.8.4",32,33,118.526921269411,"No",1082.182,17.133,3.591,"26B.8.4",1065.22185854058,1065.22185854058,1069.29513478921,4.07327624863137,0.111269704352294,3.29954648295393,0.111159514964832,118.979704681527,1082.182,17.133,3.591,1
"140","26B.8.4",32,33,120.943738500732,"No",1082.182,17.133,3.591,"26B.8.4",1065.22185854058,1065.22185854058,1069.29513478921,4.07327624863137,0.113538543666793,3.31623918947091,0.111721881086802,121.398812585415,1082.182,17.133,3.591,1
"141","26B.9.4",32,33,178.929953547815,"No",1823.272,20.457,6.603,"26B.9.4",1552.91477011255,1552.91477011255,1585.9644679783,33.0496978657477,0.115222005091011,3.65738569818515,0.112136849967752,182.636042558866,1823.272,20.457,6.603,1
"142","26B.9.4",32,33,167.520406789101,"No",1823.272,20.457,6.603,"26B.9.4",1552.91477011255,1552.91477011255,1585.9644679783,33.0496978657477,0.107874823533915,3.5976335923183,0.110304827456653,171.165948009677,1823.272,20.457,6.603,1
"143","26B.9.4",32,33,178.929953547815,"No",1823.272,20.457,6.603,"26B.9.4",1552.91477011255,1552.91477011255,1585.9644679783,33.0496978657477,0.115222005091011,3.65738569818515,0.112136849967752,182.636042558866,1823.272,20.457,6.603,1
"144","26B.9.4",32,33,171.917168489044,"No",1823.272,20.457,6.603,"26B.9.4",1552.91477011255,1552.91477011255,1585.9644679783,33.0496978657477,0.110706119741899,3.62101073549441,0.111021579643417,175.586398152837,1823.272,20.457,6.603,1
"145","26B.9.4",32,33,167.520406789101,"No",1823.272,20.457,6.603,"26B.9.4",1552.91477011255,1552.91477011255,1585.9644679783,33.0496978657477,0.107874823533915,3.5976335923183,0.110304827456653,171.165948009677,1823.272,20.457,6.603,1
"146","26B.9.4",32,33,171.917168489044,"No",1823.272,20.457,6.603,"26B.9.4",1552.91477011255,1552.91477011255,1585.9644679783,33.0496978657477,0.110706119741899,3.62101073549441,0.111021579643417,175.586398152837,1823.272,20.457,6.603,1
"147","26B.9.4",32,33,175.627092559077,"No",1823.272,20.457,6.603,"26B.9.4",1552.91477011255,1552.91477011255,1585.9644679783,33.0496978657477,0.113095126622015,3.64038970865826,0.11161574640228,179.315959254732,1823.272,20.457,6.603,1
"148","26B.9.4",32,33,178.929953547815,"No",1823.272,20.457,6.603,"26B.9.4",1552.91477011255,1552.91477011255,1585.9644679783,33.0496978657477,0.115222005091011,3.65738569818515,0.112136849967752,182.636042558866,1823.272,20.457,6.603,1
"149","26B.9.4",32,33,161.622666353742,"No",1823.272,20.457,6.603,"26B.9.4",1552.91477011255,1552.91477011255,1585.9644679783,33.0496978657477,0.104076971553324,3.5655420841981,0.109320889494326,165.235688721944,1823.272,20.457,6.603,1
